company,role,location,link,date_found,source,country,city,category,priority,ats,first_seen,posted_date,last_seen,role_match,summer_program,duration_months,start_hint,summer_fit,degree_req,described
NVIDIA,Software Engineering Intern — Replay Tooling and Test Automation - Autonomous Driving,"Munich, Germany",https://nvidia.wd5.myworkdayjobs.com/en-US/NVIDIAExternalCareerSite/job/Germany-Munich/Software-Engineering-Intern---Replay-Tooling---Test-Automation--Autonomous-Driving_JR2022086,2026-09-28,Workday,Germany,Munich,big-tech,normal,workday,2026-09-28,2026-09-16,2026-09-29,true,false,6,sep,no,phd,true
Bosch,Internship Machine Learning for Predictive Reliability Analytics - Heat Pumps,"Wernau (Neckar), Germany",https://jobs.smartrecruiters.com/BoschGroup/744000151296789,2026-09-28,SmartRecruiters,Germany,Wernau (Neckar),big-tech,normal,smartrecruiters,2026-09-28,2026-09-23,2026-09-29,true,false,6,nov,no,unknown,true
Bosch,Pflichtpraktikum Data Engineering & Data Analytics im Akustik-Testing,"Bühlertal, Germany",https://jobs.smartrecruiters.com/BoschGroup/744000149861229,2026-09-28,SmartRecruiters,Germany,Bühlertal,big-tech,normal,smartrecruiters,2026-09-28,2026-09-16,2026-09-29,true,false,4,,unknown,unknown,true
Bosch,Extracurricular Internship: Agile Moderator & Data Engineering (f/m/div.),"Aveiro, Portugal",https://jobs.smartrecruiters.com/BoschGroup/744000148963738,2026-09-28,SmartRecruiters,Portugal,Aveiro,big-tech,normal,smartrecruiters,2026-09-28,2026-09-11,2026-09-29,true,false,12,,no,masters,true
Bosch,Pflichtpraktikum Data Engineering – CAD-Visualisierung ,"Renningen, Germany",https://jobs.smartrecruiters.com/BoschGroup/744000145898759,2026-09-28,SmartRecruiters,Germany,Renningen,big-tech,normal,smartrecruiters,2026-09-28,2026-08-27,2026-09-29,true,false,4,,unknown,unknown,true
Bosch,Academic Internship in Software Engineering (f/m/div.),"Braga, Portugal",https://jobs.smartrecruiters.com/BoschGroup/744000144735299,2026-09-28,SmartRecruiters,Portugal,Braga,big-tech,normal,smartrecruiters,2026-09-28,2026-08-21,2026-09-29,true,false,4,,unknown,any,true
Bosch,Internship AI Lighthouse & Data engineering,"Tienen, Belgium",https://jobs.smartrecruiters.com/BoschGroup/744000135674088,2026-09-28,SmartRecruiters,Belgium,Tienen,big-tech,normal,smartrecruiters,2026-09-28,2026-07-03,2026-09-29,true,false,6,,no,any,true
Scalapay,In-Store Operations intern - bilingual French/Italian (6-months),"Milan, Italy",https://job-boards.eu.greenhouse.io/scalapaysrl/jobs/4739799101,2026-09-28,Greenhouse,Italy,Milan,finance,high,greenhouse,2026-09-28,2025-12-17,2026-09-29,false,false,6,,no,unknown,true
Scalapay,Legal Counsel Intern - Regulatory and Complaints handling - (6 months),"Milan, Italy",https://job-boards.eu.greenhouse.io/scalapaysrl/jobs/4961960101,2026-09-28,Greenhouse,Italy,Milan,finance,high,greenhouse,2026-09-28,2026-08-27,2026-09-29,false,false,6,,no,unknown,true
Scalapay,Receptionist Intern (6months),"Milan, Italy",https://job-boards.eu.greenhouse.io/scalapaysrl/jobs/4960781101,2026-09-28,Greenhouse,Italy,Milan,finance,high,greenhouse,2026-09-28,2026-09-22,2026-09-29,false,false,6,,no,unknown,true
Scalapay,SDR Intern,"Milan, Italy",https://job-boards.eu.greenhouse.io/scalapaysrl/jobs/4927248101,2026-09-28,Greenhouse,Italy,Milan,finance,high,greenhouse,2026-09-28,2026-07-16,2026-09-29,false,false,,,unknown,unknown,true
Philips,CMM intern,"Milan, Italy",https://philips.wd3.myworkdayjobs.com/en-US/jobs-and-careers/job/Milano/CMM-intern_591022,2026-09-28,Workday,Italy,Milan,pharma-biotech,high,workday,2026-09-28,2026-09-02,2026-09-29,false,false,6,,no,any,true
Philips,Internship: Finance Intern,"Madrid, Spain",https://philips.wd3.myworkdayjobs.com/en-US/jobs-and-careers/job/Madrid/Internship--Finance-Intern_580575,2026-09-28,Workday,Spain,Madrid,pharma-biotech,high,workday,2026-09-28,2026-08-30,2026-09-29,false,false,6,aug,no,unknown,true
Philips,Service Operations Intern,"Stockholm, Sweden",https://philips.wd3.myworkdayjobs.com/en-US/jobs-and-careers/job/Stockholm/Service-Operations-Intern_590879-1,2026-09-28,Workday,Sweden,Stockholm,pharma-biotech,high,workday,2026-09-28,2026-09-25,2026-09-29,false,false,6,sep,no,any,true
Philips,Intern AI Application Developer,"Eindhoven, Netherlands",https://philips.wd3.myworkdayjobs.com/en-US/jobs-and-careers/job/Eindhoven/Intern-Consultancy-data-modelling_581630,2026-09-28,Workday,Netherlands,Eindhoven,pharma-biotech,high,workday,2026-09-28,2026-09-24,2026-09-29,false,false,6,sep,no,masters,true
Philips,Internship: Demand Planner Intern,"Madrid, Spain",https://philips.wd3.myworkdayjobs.com/en-US/jobs-and-careers/job/Madrid/Internship--Demand-Planner-Intern_588383-1,2026-09-28,Workday,Spain,Madrid,pharma-biotech,high,workday,2026-09-28,2026-08-30,2026-09-29,false,false,12,aug,no,unknown,true
Philips,Radiology Informatics - Integration Specialist - Intern,"Genoa, Italy",https://philips.wd3.myworkdayjobs.com/en-US/jobs-and-careers/job/Genoa/Radiology-Informatics---Integration-Specialist---Intern_580648,2026-09-28,Workday,Italy,Genoa,pharma-biotech,high,workday,2026-09-28,2026-08-30,2026-09-29,false,false,,,unknown,masters,true
Philips,Internship: Clinical Application Specialist Intern,"Lisbon, Portugal",https://philips.wd3.myworkdayjobs.com/en-US/jobs-and-careers/job/Lisboa/Internship--Clinical-Application-Specialist-Intern_592218,2026-09-28,Workday,Portugal,Lisbon,pharma-biotech,high,workday,2026-09-28,2026-09-22,2026-09-29,false,false,12,,no,any,true
Philips,Internship Sustainability and Compliance Intern (non-thesis),"Amsterdam, Netherlands",https://philips.wd3.myworkdayjobs.com/en-US/jobs-and-careers/job/Amsterdam/Internship-Sustainability-and-Compliance-Intern--non-thesis-_591173,2026-09-28,Workday,Netherlands,Amsterdam,pharma-biotech,high,workday,2026-09-28,2026-09-08,2026-09-29,false,false,6,sep,no,any,true
Philips,Internship: Philips Communications & Brand,"Amsterdam, Netherlands",https://philips.wd3.myworkdayjobs.com/en-US/jobs-and-careers/job/Amsterdam/Internship--Communication---Philips_564816,2026-09-28,Workday,Netherlands,Amsterdam,pharma-biotech,high,workday,2026-09-28,2026-08-30,2026-09-29,false,false,6,,no,any,true
Philips,Internship: Marketing & Marketing Communication,"Amsterdam, Netherlands",https://philips.wd3.myworkdayjobs.com/en-US/jobs-and-careers/job/Amsterdam/Internship--Marketing---Marketing-Communication_570478,2026-09-28,Workday,Netherlands,Amsterdam,pharma-biotech,high,workday,2026-09-28,2026-08-30,2026-09-29,false,false,6,,no,any,true
Philips,Data Analytics Graduate Internship,"Amsterdam, Netherlands",https://philips.wd3.myworkdayjobs.com/en-US/jobs-and-careers/job/Amsterdam/Data-Analytics-Graduate-Internship_587665,2026-09-28,Workday,Netherlands,Amsterdam,pharma-biotech,high,workday,2026-09-28,2026-09-24,2026-09-29,true,false,6,,no,masters,true
Philips,Internship: Generative AI Engineer,"Eindhoven, Netherlands",https://philips.wd3.myworkdayjobs.com/en-US/jobs-and-careers/job/Eindhoven/Internship--Generative-AI-Engineer_591593,2026-09-28,Workday,Netherlands,Eindhoven,pharma-biotech,high,workday,2026-09-28,2026-09-28,2026-09-29,true,false,3,nov,no,any,true
Philips,Product Design Internship – Philips Avent Experience Innovation,"Amsterdam, Netherlands",https://philips.wd3.myworkdayjobs.com/en-US/jobs-and-careers/job/Amsterdam/Product-Design-Internship---Philips-Avent-Experience-Innovation_586188,2026-09-28,Workday,Netherlands,Amsterdam,pharma-biotech,high,workday,2026-09-28,2026-09-14,2026-09-29,false,false,6,,no,any,true
Philips,"Internship: ESG/CSRD Reporting (HR, non-thesis)","Amsterdam, Netherlands",https://philips.wd3.myworkdayjobs.com/en-US/jobs-and-careers/job/Amsterdam/Internship--ESG-CSRD-Reporting--HR--non-thesis-_588256,2026-09-28,Workday,Netherlands,Amsterdam,pharma-biotech,high,workday,2026-09-28,2026-09-07,2026-09-29,false,false,6,sep,no,any,true
Philips,"Internship: Training & Capability Support (Master, non-thesis)","Amsterdam, Netherlands",https://philips.wd3.myworkdayjobs.com/en-US/jobs-and-careers/job/Amsterdam/Internship--Training---Capability-Support--Master--non-thesis-_590542,2026-09-28,Workday,Netherlands,Amsterdam,pharma-biotech,high,workday,2026-09-28,2026-09-17,2026-09-29,false,false,6,sep,no,any,true
Philips,Internship: Data Science for Multidimensional Market Modelling,"Amsterdam, Netherlands",https://philips.wd3.myworkdayjobs.com/en-US/jobs-and-careers/job/Amsterdam/Internship--Data-Science-for-Multidimensional-Market-Modelling_590671,2026-09-28,Workday,Netherlands,Amsterdam,pharma-biotech,high,workday,2026-09-28,2026-09-17,2026-09-29,true,false,5,sep,no,any,true
Philips,"Internship: Audit, Risk & Compliance Operations Analyst (non-thesis)","Amsterdam, Netherlands",https://philips.wd3.myworkdayjobs.com/en-US/jobs-and-careers/job/Amsterdam/Internship--Audit--Risk---Compliance-Operations-Analyst--non-thesis-_588146,2026-09-28,Workday,Netherlands,Amsterdam,pharma-biotech,high,workday,2026-09-28,2026-09-04,2026-09-29,false,false,5,oct,no,unknown,true
Philips,Product Innovation & AI Prototyping Internship – Philips Avent Experience Innovation,"Eindhoven, Netherlands",https://philips.wd3.myworkdayjobs.com/en-US/jobs-and-careers/job/Eindhoven/Product-Innovation---AI-Powered-Video-Creation-Internship---Philips-Avent-Experience-Innovation_586187,2026-09-28,Workday,Netherlands,Eindhoven,pharma-biotech,high,workday,2026-09-28,2026-09-14,2026-09-29,false,false,6,,no,unknown,true
Philips,Praktikum Qualitäts- & Lieferantenmanagement (all genders),"Hamburg, Germany",https://philips.wd3.myworkdayjobs.com/en-US/jobs-and-careers/job/Hamburg/Praktikum-Supplier-Quality-Engineering---Qualitts----Lieferantenmanagement--all-genders-_574142,2026-09-28,Workday,Germany,Hamburg,pharma-biotech,high,workday,2026-09-28,2026-09-17,2026-09-29,false,false,6,,no,any,true
Philips,Werkstudent Digitalisierung in der Produktionsplanung und -steuerung (all genders),"Hamburg, Germany",https://philips.wd3.myworkdayjobs.com/en-US/jobs-and-careers/job/Hamburg/Werkstudent-Digitalisierung-in-der-Produktionsplanung-und--steuerung--all-genders-_582768-1,2026-09-28,Workday,Germany,Hamburg,pharma-biotech,high,workday,2026-09-28,2026-09-28,2026-09-29,false,false,,,unknown,unknown,true
Philips,Praktikum – Marketing im Produktbereich Mother & Child Care (all genders),"Hamburg, Germany",https://philips.wd3.myworkdayjobs.com/en-US/jobs-and-careers/job/Hamburg/Praktikum---Marketing-im-Produktbereich-Mother---Child-Care--all-genders-_582544-1,2026-09-28,Workday,Germany,Hamburg,pharma-biotech,high,workday,2026-09-28,2026-08-30,2026-09-29,false,false,3,aug,unknown,any,true
Philips,Werkstudent/ Praktikum Employer Branding & Recruitment Marketing (all genders),"Hamburg, Germany",https://philips.wd3.myworkdayjobs.com/en-US/jobs-and-careers/job/Hamburg/Werkstudent--Praktikum-Employer-Branding---Recruitment-Marketing--all-genders-_585511-1,2026-09-28,Workday,Germany,Hamburg,pharma-biotech,high,workday,2026-09-28,2026-08-30,2026-09-29,false,false,6,,no,any,true
Philips,Werkstudent Finance & Reporting (all genders),"Hamburg, Germany",https://philips.wd3.myworkdayjobs.com/en-US/jobs-and-careers/job/Hamburg/Werkstudent-Finance---Reporting--all-genders-_583821-1,2026-09-28,Workday,Germany,Hamburg,pharma-biotech,high,workday,2026-09-28,2026-08-30,2026-09-29,false,false,,,unknown,unknown,true
Philips,Werkstudent/ Praktikum E‑Commerce (all genders),"Hamburg, Germany",https://philips.wd3.myworkdayjobs.com/en-US/jobs-and-careers/job/Hamburg/Werkstudent--Praktikum-E-Commerce---Amazon-Marketing--all-genders-_588633-2,2026-09-28,Workday,Germany,Hamburg,pharma-biotech,high,workday,2026-09-28,2026-09-10,2026-09-29,false,false,6,,no,any,true
Philips,Werkstudent Marketing & Event Management Health Systems (all genders),"Hamburg, Germany",https://philips.wd3.myworkdayjobs.com/en-US/jobs-and-careers/job/Hamburg/Werkstudent-Marketing---Event-Management-Health-Systems--all-genders-_588044-1,2026-09-28,Workday,Germany,Hamburg,pharma-biotech,high,workday,2026-09-28,2026-08-30,2026-09-29,false,false,,,unknown,unknown,true
Philips,Werkstudent im Bereich Service Operations (all genders),"Hamburg, Germany",https://philips.wd3.myworkdayjobs.com/en-US/jobs-and-careers/job/Hamburg/Werkstudent-im-Bereich-Service-Operations--all-genders-_587973-1,2026-09-28,Workday,Germany,Hamburg,pharma-biotech,high,workday,2026-09-28,2026-08-30,2026-09-29,false,false,,,unknown,unknown,true
Philips,Becario Logística,"Madrid, Spain",https://philips.wd3.myworkdayjobs.com/en-US/jobs-and-careers/job/Madrid/Becario-Logstica_588643,2026-09-28,Workday,Spain,Madrid,pharma-biotech,high,workday,2026-09-28,2026-08-30,2026-09-29,false,false,,,unknown,unknown,true
Philips,Werkstudent Labor- und Versuchsunterstützung Medizintechnik (all genders),"Hamburg, Germany",https://philips.wd3.myworkdayjobs.com/en-US/jobs-and-careers/job/Hamburg/Werkstudent-Labor--und-Versuchsuntersttzung-Medizintechnik--all-genders-_590287-1,2026-09-28,Workday,Germany,Hamburg,pharma-biotech,high,workday,2026-09-28,2026-09-02,2026-09-29,false,false,6,,no,unknown,true
Philips,Sales Trainee,"Lisbon, Portugal",https://philips.wd3.myworkdayjobs.com/en-US/jobs-and-careers/job/Lisboa/Sales-Trainee_591350,2026-09-28,Workday,Portugal,Lisbon,pharma-biotech,high,workday,2026-09-28,2026-09-21,2026-09-29,false,false,12,,no,any,true
Philips,Werkstudent / Praktikum Projektmanagement - Produktivität (all genders),"Hamburg, Germany",https://philips.wd3.myworkdayjobs.com/en-US/jobs-and-careers/job/Hamburg/Werkstudent---Praktikum-Projektmanagement---Produktivitt--all-genders-_589673-1,2026-09-28,Workday,Germany,Hamburg,pharma-biotech,high,workday,2026-09-28,2026-09-21,2026-09-29,false,false,3,,unknown,any,true
Philips,Werkstudentent (all genders) im Bereich Logistik mit dem Schwerpunkt Intralogistik und Kanbansystem,"Hamburg, Germany",https://philips.wd3.myworkdayjobs.com/en-US/jobs-and-careers/job/Hamburg/Werkstudentent--all-genders--im-Bereich-Logistik-mit-dem-Schwerpunkt-Intralogistik-und-Kanbansystem_586887-1,2026-09-28,Workday,Germany,Hamburg,pharma-biotech,high,workday,2026-09-28,2026-09-23,2026-09-29,false,false,,,unknown,unknown,true
Philips,Werkstudent / Praktikum (all genders) – SAP Plant Maintenance / Instandhaltungsprozesse,"Hamburg, Germany",https://philips.wd3.myworkdayjobs.com/en-US/jobs-and-careers/job/Hamburg/Werkstudent---Praktikum--all-genders----SAP-Plant-Maintenance---Instandhaltungsprozesse_587826-1,2026-09-28,Workday,Germany,Hamburg,pharma-biotech,high,workday,2026-09-28,2026-09-24,2026-09-29,false,false,3,,unknown,any,true
Philips,Werkstudent / Praktikum (all genders) – SAP Plant Maintenance / Ersatzteilmanagement,"Hamburg, Germany",https://philips.wd3.myworkdayjobs.com/en-US/jobs-and-careers/job/Hamburg/Werkstudent---Praktikum--all-genders----SAP-Plant-Maintenance---Ersatzteilmanagement_587828-1,2026-09-28,Workday,Germany,Hamburg,pharma-biotech,high,workday,2026-09-28,2026-09-24,2026-09-29,false,false,3,,unknown,any,true
Philips,Werkstudent/ Praktikum AI Innovation Marketing (all genders) ,"Hamburg, Germany",https://philips.wd3.myworkdayjobs.com/en-US/jobs-and-careers/job/Hamburg/Werkstudent--Praktikum-AI-Innovation-Marketing--all-genders--_591252-1,2026-09-28,Workday,Germany,Hamburg,pharma-biotech,high,workday,2026-09-28,2026-09-28,2026-09-29,false,false,3,,unknown,any,true
Philips,Werkstudent / Praktikum (all genders) Test- and Processdevelopment,"Hamburg, Germany",https://philips.wd3.myworkdayjobs.com/en-US/jobs-and-careers/job/Hamburg/Werkstudent---Praktikum--all-genders--Test--and-Processdevelopment_588674,2026-09-28,Workday,Germany,Hamburg,pharma-biotech,high,workday,2026-09-28,2026-09-28,2026-09-29,false,false,3,,unknown,any,true
NVIDIA,"PhD Research Intern, Autonomous Systems and Physical AI Research - 2027","Zurich, Switzerland",https://nvidia.wd5.myworkdayjobs.com/en-US/NVIDIAExternalCareerSite/job/Switzerland-Zurich/PhD-Research-Intern--Autonomous-Systems-and-Physical-AI-Research---2027_JR2024606-1,2026-09-28,Workday,Switzerland,Zurich,big-tech,normal,workday,2026-09-28,2026-09-28,2026-09-29,false,false,,,unknown,phd,true
Mistral AI,"Applied AI, Forward Deployed Machine Learning Engineer - (Internship)","Paris, France",https://jobs.ashbyhq.com/mistral.ai/fcdb8407-20b9-4179-81b6-f2ca2c79a39b,2026-09-28,Ashby,France,Paris,startup,high,ashby,2026-09-28,2026-09-14,2026-09-29,true,false,6,,no,unknown,true
Mistral AI,Applied Scientist  (Internship),"Paris, France",https://jobs.ashbyhq.com/mistral.ai/de46ba8b-00cb-4618-83df-66e15a78434e,2026-09-28,Ashby,France,Paris,startup,high,ashby,2026-09-28,2026-07-03,2026-09-29,true,false,6,,no,phd,true
Stripe,"Software Engineer, Intern (Summer or Winter)","Dublin, Ireland",https://stripe.com/jobs/search?gh_jid=8097801,2026-09-28,Greenhouse,Ireland,Dublin,big-tech,normal,greenhouse,2026-09-28,2026-08-17,2026-09-29,true,false,,,unknown,any,true
Bosch,Prácticas en logística - Componentes y sensores,"Madrid, Spain",https://jobs.smartrecruiters.com/BoschGroup/744000152211340,2026-09-28,SmartRecruiters,Spain,Madrid,big-tech,normal,smartrecruiters,2026-09-28,2026-09-28,2026-09-29,false,false,6,,no,unknown,true
Bosch,Praktikum Marketing - Event- und Messemanagement,"Karlsruhe, Germany",https://jobs.smartrecruiters.com/BoschGroup/744000152163319,2026-09-28,SmartRecruiters,Germany,Karlsruhe,big-tech,normal,smartrecruiters,2026-09-28,2026-09-28,2026-09-29,false,false,6,,no,unknown,true
Bosch,Praktikum im Bereich Standortkommunikation/interne und externe Kommunikation,"Eisenach, Germany",https://jobs.smartrecruiters.com/BoschGroup/744000152162949,2026-09-28,SmartRecruiters,Germany,Eisenach,big-tech,normal,smartrecruiters,2026-09-28,2026-09-28,2026-09-29,false,false,5,,no,unknown,true
Bosch,Pflichtpraktikum im Bereich Kommunikation und Design,"Gerlingen, Germany",https://jobs.smartrecruiters.com/BoschGroup/744000152156679,2026-09-28,SmartRecruiters,Germany,Gerlingen,big-tech,normal,smartrecruiters,2026-09-28,2026-09-28,2026-09-29,false,false,6,,no,unknown,true
Bosch,Estudiante en prácticas – departamento de producción MSE 1.1 (c),"Madrid, Spain",https://jobs.smartrecruiters.com/BoschGroup/744000152141029,2026-09-28,SmartRecruiters,Spain,Madrid,big-tech,normal,smartrecruiters,2026-09-28,2026-09-28,2026-09-29,false,false,6,,no,unknown,true
Bosch,Estudiante en prácticas -- departamento RBEM/MSS1,"Madrid, Spain",https://jobs.smartrecruiters.com/BoschGroup/744000152140739,2026-09-28,SmartRecruiters,Spain,Madrid,big-tech,normal,smartrecruiters,2026-09-28,2026-09-28,2026-09-29,false,false,6,,no,unknown,true
Bosch,Estudiante en prácticas – Departamento de logística LOP2,"Madrid, Spain",https://jobs.smartrecruiters.com/BoschGroup/744000152139065,2026-09-28,SmartRecruiters,Spain,Madrid,big-tech,normal,smartrecruiters,2026-09-28,2026-09-28,2026-09-29,false,false,6,,no,unknown,true
Bosch,Pflichtpraktikum im Betrieblichen Gesundheitsmanagement,"Gerlingen, Germany",https://jobs.smartrecruiters.com/BoschGroup/744000152134515,2026-09-28,SmartRecruiters,Germany,Gerlingen,big-tech,normal,smartrecruiters,2026-09-28,2026-09-28,2026-09-29,false,false,6,mar,no,unknown,true
Bosch,Praktikum in der Entwicklung mechanischer Fertigungstechnologien,"Immenstadt im Allgäu, Germany",https://jobs.smartrecruiters.com/BoschGroup/744000152135689,2026-09-28,SmartRecruiters,Germany,Immenstadt im Allgäu,big-tech,normal,smartrecruiters,2026-09-28,2026-09-28,2026-09-29,false,false,6,,no,unknown,true
Bosch,Praktikum im Projektmanagement Einkauf New Braking Systems,"Abstatt, Germany",https://jobs.smartrecruiters.com/BoschGroup/744000152113000,2026-09-28,SmartRecruiters,Germany,Abstatt,big-tech,normal,smartrecruiters,2026-09-28,2026-09-28,2026-09-29,false,false,6,feb,no,unknown,true
Bosch,Extracurricular Internship: C# Developer (f/m/div.),"Ovar, Portugal",https://jobs.smartrecruiters.com/BoschGroup/744000152107800,2026-09-28,SmartRecruiters,Portugal,Ovar,big-tech,normal,smartrecruiters,2026-09-28,2026-09-28,2026-09-29,false,false,,,unknown,unknown,true
Bosch,Internship - Recruiting and HR,"Madrid, Spain",https://jobs.smartrecruiters.com/BoschGroup/744000152105464,2026-09-28,SmartRecruiters,Spain,Madrid,big-tech,normal,smartrecruiters,2026-09-28,2026-09-28,2026-09-29,false,false,6,,no,unknown,true
Bosch,Praktikum in der Prozessoptimierung (w/m/div.) REF297091A,"Frauenfeld, Switzerland",https://jobs.smartrecruiters.com/BoschGroup/744000151836935,2026-09-28,SmartRecruiters,Switzerland,Frauenfeld,big-tech,normal,smartrecruiters,2026-09-28,2026-09-25,2026-09-29,false,false,6,jan,no,unknown,true
Bosch,Pflichtpraktikum im Bereich Benchmark Consulting,"Leonberg, Germany",https://jobs.smartrecruiters.com/BoschGroup/744000151840555,2026-09-28,SmartRecruiters,Germany,Leonberg,big-tech,normal,smartrecruiters,2026-09-28,2026-09-25,2026-09-29,false,false,5,,no,unknown,true
Bosch,Praktikum in der Produktentwicklung neuer Bremssysteme,"Immenstadt im Allgäu, Germany",https://jobs.smartrecruiters.com/BoschGroup/744000151829679,2026-09-28,SmartRecruiters,Germany,Immenstadt im Allgäu,big-tech,normal,smartrecruiters,2026-09-28,2026-09-25,2026-09-29,false,false,4,mar,no,unknown,true
Bosch,Praktikum – Fertigungsplanung – Automatisierte Optische Prüfung ,"Bamberg, Germany",https://jobs.smartrecruiters.com/BoschGroup/744000151829278,2026-09-28,SmartRecruiters,Germany,Bamberg,big-tech,normal,smartrecruiters,2026-09-28,2026-09-25,2026-09-29,false,false,5,,no,unknown,true
Bosch,Praktikum im Bereich Sales Performance Management,"Gunzenhausen, Germany",https://jobs.smartrecruiters.com/BoschGroup/744000151816009,2026-09-28,SmartRecruiters,Germany,Gunzenhausen,big-tech,normal,smartrecruiters,2026-09-28,2026-09-25,2026-09-29,false,false,6,,no,unknown,true
Bosch,Pflichtpraktikum SAP-Prozessabläufe in S/4,"Lohr am Main, Germany",https://jobs.smartrecruiters.com/BoschGroup/744000151791635,2026-09-28,SmartRecruiters,Germany,Lohr am Main,big-tech,normal,smartrecruiters,2026-09-28,2026-09-25,2026-09-29,false,false,6,dec,no,unknown,true
Bosch,Pflichtpraktikum in der Fertigungsplanung Komponenten,"Bühl, Germany",https://jobs.smartrecruiters.com/BoschGroup/744000151766620,2026-09-28,SmartRecruiters,Germany,Bühl,big-tech,normal,smartrecruiters,2026-09-28,2026-09-25,2026-09-29,false,false,6,,no,unknown,true
Bosch,Pflichtpraktikum Wertstrom- und Materialflussplanung in der Komponentenfertigung,"Bühl, Germany",https://jobs.smartrecruiters.com/BoschGroup/744000151766019,2026-09-28,SmartRecruiters,Germany,Bühl,big-tech,normal,smartrecruiters,2026-09-28,2026-09-25,2026-09-29,false,false,6,,no,unknown,true
Bosch,Praktikum Defektdichte Technologie,"Dresden, Germany",https://jobs.smartrecruiters.com/BoschGroup/744000151760339,2026-09-28,SmartRecruiters,Germany,Dresden,big-tech,normal,smartrecruiters,2026-09-28,2026-09-25,2026-09-29,false,false,6,,no,any,true
Bosch,Extracurricular Internship: Quality Engineering & Digitalization (f/m/div.),"Aveiro, Portugal",https://jobs.smartrecruiters.com/BoschGroup/744000151670629,2026-09-28,SmartRecruiters,Portugal,Aveiro,big-tech,normal,smartrecruiters,2026-09-28,2026-09-24,2026-09-29,false,false,12,,no,any,true
Bosch,Extracurricular Internship in Computer Science / Information Systems (f/m/div.),"Braga, Portugal",https://jobs.smartrecruiters.com/BoschGroup/744000151644699,2026-09-28,SmartRecruiters,Portugal,Braga,big-tech,normal,smartrecruiters,2026-09-28,2026-09-24,2026-09-29,false,false,,,unknown,unknown,true
Bosch,Praktikum in der Logistikplanung,"Karlsruhe, Germany",https://jobs.smartrecruiters.com/BoschGroup/744000151610609,2026-09-28,SmartRecruiters,Germany,Karlsruhe,big-tech,normal,smartrecruiters,2026-09-28,2026-09-24,2026-09-29,false,false,6,,no,unknown,true
Bosch,Praktikum im Bereich Human Resources bei Bosch Smart Home,"Stuttgart, Germany",https://jobs.smartrecruiters.com/BoschGroup/744000151601899,2026-09-28,SmartRecruiters,Germany,Stuttgart,big-tech,normal,smartrecruiters,2026-09-28,2026-09-24,2026-09-29,false,false,6,feb,no,unknown,true
Bosch,Praktikum im Bereich International Sales bei Bosch eBike Systems,"Reutlingen, Germany",https://jobs.smartrecruiters.com/BoschGroup/744000151563196,2026-09-28,SmartRecruiters,Germany,Reutlingen,big-tech,normal,smartrecruiters,2026-09-28,2026-09-24,2026-09-29,false,false,6,jan,no,unknown,true
Bosch,Pflichtpraktikum im Vertrieb – Customer Team BMW Automotive (w/m/div.),"Leonberg, Germany",https://jobs.smartrecruiters.com/BoschGroup/744000151544369,2026-09-28,SmartRecruiters,Germany,Leonberg,big-tech,normal,smartrecruiters,2026-09-28,2026-09-24,2026-09-29,false,false,6,,no,unknown,true
Bosch,Mandatory Internship Sales Customer Team BMW Automotive,"Leonberg, Germany",https://jobs.smartrecruiters.com/BoschGroup/744000151543674,2026-09-28,SmartRecruiters,Germany,Leonberg,big-tech,normal,smartrecruiters,2026-09-28,2026-09-24,2026-09-29,false,false,6,,no,unknown,true
Bosch,"Praktikum Logistik (w/m/div.) ab Februar 2027, ab 30 h/Woche","Hallein, Austria",https://jobs.smartrecruiters.com/BoschGroup/744000151543479,2026-09-28,SmartRecruiters,Austria,Hallein,big-tech,normal,smartrecruiters,2026-09-28,2026-09-24,2026-09-29,false,false,6,feb,no,unknown,true
Bosch,Praktikum Qualität im Einkauf,"Ansbach, Germany",https://jobs.smartrecruiters.com/BoschGroup/744000151535239,2026-09-28,SmartRecruiters,Germany,Ansbach,big-tech,normal,smartrecruiters,2026-09-28,2026-09-24,2026-09-29,false,false,6,,no,any,true
Bosch,Werkstudent im Betrieblichen Mobilitätsmanagement (w/m/div.),"Reutlingen, Germany",https://jobs.smartrecruiters.com/BoschGroup/744000151391424,2026-09-28,SmartRecruiters,Germany,Reutlingen,big-tech,normal,smartrecruiters,2026-09-28,2026-09-23,2026-09-29,false,false,6,,no,unknown,true
Bosch,Estudiante en prácticas – Coordinación de Repuestos en Compras  y apoyo al Gestor  (ATMO-2ES/PUL11),"Madrid, Spain",https://jobs.smartrecruiters.com/BoschGroup/744000151389960,2026-09-28,SmartRecruiters,Spain,Madrid,big-tech,normal,smartrecruiters,2026-09-28,2026-09-23,2026-09-29,false,false,6,feb,no,unknown,true
Bosch,Pflichtpraktikum im Werkscontrolling,"Stuttgart, Germany",https://jobs.smartrecruiters.com/BoschGroup/744000151378729,2026-09-28,SmartRecruiters,Germany,Stuttgart,big-tech,normal,smartrecruiters,2026-09-28,2026-09-23,2026-09-29,false,false,6,,no,unknown,true
Bosch,Praktikum Manufacturing Engineering für Humanoide Robotik,"Ansbach, Germany",https://jobs.smartrecruiters.com/BoschGroup/744000151330650,2026-09-28,SmartRecruiters,Germany,Ansbach,big-tech,normal,smartrecruiters,2026-09-28,2026-09-23,2026-09-29,false,false,4.6,mar,no,any,true
Bosch,Praktikum Marketing und Vertrieb mit Fokus auf POS,"Leinfelden-Echterdingen, Germany",https://jobs.smartrecruiters.com/BoschGroup/744000151329379,2026-09-28,SmartRecruiters,Germany,Leinfelden-Echterdingen,big-tech,normal,smartrecruiters,2026-09-28,2026-09-23,2026-09-29,false,false,6,,no,unknown,true
Bosch,Praktikum in der Montage- und Prüfplanung für Hydraulikpumpen,"Horb am Neckar, Germany",https://jobs.smartrecruiters.com/BoschGroup/744000151329139,2026-09-28,SmartRecruiters,Germany,Horb am Neckar,big-tech,normal,smartrecruiters,2026-09-28,2026-09-23,2026-09-29,false,false,5,feb,no,unknown,true
Bosch,Praktikum Human Resources - Personalmanagement und Personalentwicklung,"Ansbach, Germany",https://jobs.smartrecruiters.com/BoschGroup/744000151323519,2026-09-28,SmartRecruiters,Germany,Ansbach,big-tech,normal,smartrecruiters,2026-09-28,2026-09-23,2026-09-29,false,false,5,,no,any,true
Bosch,Pflichtpraktikum im Bereich Interne Kommunikation und Eventmanagement,"Stuttgart, Germany",https://jobs.smartrecruiters.com/BoschGroup/744000151319219,2026-09-28,SmartRecruiters,Germany,Stuttgart,big-tech,normal,smartrecruiters,2026-09-28,2026-09-23,2026-09-29,false,false,6,jan,no,unknown,true
Bosch,Praktikum im Bereich Fertigung/ Lean Management,"Horb am Neckar, Germany",https://jobs.smartrecruiters.com/BoschGroup/744000151314805,2026-09-28,SmartRecruiters,Germany,Horb am Neckar,big-tech,normal,smartrecruiters,2026-09-28,2026-09-23,2026-09-29,false,false,5,feb,no,unknown,true
Bosch,Praktikum im Bereich Controlling,"Horb a. N., Germany",https://jobs.smartrecruiters.com/BoschGroup/744000151315349,2026-09-28,SmartRecruiters,Germany,Horb a. N.,big-tech,normal,smartrecruiters,2026-09-28,2026-09-23,2026-09-29,false,false,5,feb,no,unknown,true
Bosch,Praktikum im Bereich Ausbildung,"Horb am Neckar, Germany",https://jobs.smartrecruiters.com/BoschGroup/744000151314969,2026-09-28,SmartRecruiters,Germany,Horb am Neckar,big-tech,normal,smartrecruiters,2026-09-28,2026-09-23,2026-09-29,false,false,5,feb,no,unknown,true
Bosch,Praktikum im Bereich Human Resources,"Horb am Neckar, Germany",https://jobs.smartrecruiters.com/BoschGroup/744000151314379,2026-09-28,SmartRecruiters,Germany,Horb am Neckar,big-tech,normal,smartrecruiters,2026-09-28,2026-09-23,2026-09-29,false,false,5,feb,no,unknown,true
Bosch,Pflichtpraktikum im operativen und strategischen Controlling,"Stuttgart, Germany",https://jobs.smartrecruiters.com/BoschGroup/744000151302274,2026-09-28,SmartRecruiters,Germany,Stuttgart,big-tech,normal,smartrecruiters,2026-09-28,2026-09-23,2026-09-29,false,false,6,,no,unknown,true
Bosch,Pflichtpraktikum im kommerziellen Einkauf,"Stuttgart, Germany",https://jobs.smartrecruiters.com/BoschGroup/744000151295609,2026-09-28,SmartRecruiters,Germany,Stuttgart,big-tech,normal,smartrecruiters,2026-09-28,2026-09-23,2026-09-29,false,false,6,mar,no,unknown,true
Bosch,Financial Performance – Internship in Controlling (m/f/d),"Nonantola, Italy",https://jobs.smartrecruiters.com/BoschGroup/744000151077419,2026-09-28,SmartRecruiters,Italy,Nonantola,big-tech,normal,smartrecruiters,2026-09-28,2026-09-22,2026-09-29,false,false,,,unknown,any,true
Bosch,Werkstudent (w/m/div.) im Bereich International Product Business – Standort Verl,"Verl, Germany",https://jobs.smartrecruiters.com/BoschGroup/744000151040679,2026-09-28,SmartRecruiters,Germany,Verl,big-tech,normal,smartrecruiters,2026-09-28,2026-09-22,2026-09-29,false,false,,,unknown,unknown,true
Bosch,Pflichtpraktikum im strategischen Einkauf von Logistikdienstleistungen (w/m/div.),"Stuttgart, Germany",https://jobs.smartrecruiters.com/BoschGroup/744000151019814,2026-09-28,SmartRecruiters,Germany,Stuttgart,big-tech,normal,smartrecruiters,2026-09-28,2026-09-22,2026-09-29,false,false,6,dec,no,unknown,true
Bosch,Mandatory Internship in the Strategic Purchasing of Logistics Services,"Stuttgart, Germany",https://jobs.smartrecruiters.com/BoschGroup/744000151022049,2026-09-28,SmartRecruiters,Germany,Stuttgart,big-tech,normal,smartrecruiters,2026-09-28,2026-09-22,2026-09-29,false,false,6,dec,no,unknown,true
Bosch,Praktikum im Controlling,"Bietigheim-Bissingen, Germany",https://jobs.smartrecruiters.com/BoschGroup/744000151018469,2026-09-28,SmartRecruiters,Germany,Bietigheim-Bissingen,big-tech,normal,smartrecruiters,2026-09-28,2026-09-22,2026-09-29,false,false,6,,no,unknown,true
Bosch,Praktikum Prozessoptimierung in der hochautomatisierten Fertigung,"Immenstadt im Allgäu, Germany",https://jobs.smartrecruiters.com/BoschGroup/744000151015440,2026-09-28,SmartRecruiters,Germany,Immenstadt im Allgäu,big-tech,normal,smartrecruiters,2026-09-28,2026-09-22,2026-09-29,false,false,3,,unknown,unknown,true
Bosch,Extracurricular Internship: Production System & Data Analytics (f/m/div.),"Aveiro, Portugal",https://jobs.smartrecruiters.com/BoschGroup/744000151010819,2026-09-28,SmartRecruiters,Portugal,Aveiro,big-tech,normal,smartrecruiters,2026-09-28,2026-09-22,2026-09-29,true,false,12,,no,unknown,true
Bosch,HSE - Curricular internship,"Nonantola, Italy",https://jobs.smartrecruiters.com/BoschGroup/744000150996594,2026-09-28,SmartRecruiters,Italy,Nonantola,big-tech,normal,smartrecruiters,2026-09-28,2026-09-22,2026-09-29,false,false,,,unknown,unknown,true
Bosch,Pflichtpraktikum Fertigungsbereich Qualitätsmanagement,"Salzgitter, Germany",https://jobs.smartrecruiters.com/BoschGroup/744000150991125,2026-09-28,SmartRecruiters,Germany,Salzgitter,big-tech,normal,smartrecruiters,2026-09-28,2026-09-22,2026-09-29,false,false,4,,unknown,unknown,true
Bosch,Praktikum in der internen Kommunikation und kontinuierlichen Verbesserung,"Immenstadt im Allgäu, Germany",https://jobs.smartrecruiters.com/BoschGroup/744000150988719,2026-09-28,SmartRecruiters,Germany,Immenstadt im Allgäu,big-tech,normal,smartrecruiters,2026-09-28,2026-09-22,2026-09-29,false,false,5,,no,unknown,true
Bosch,Werkstudent:in – Service Design mit Fokus auf Customer Journey Management bei Bosch eBike Systems (w/m/div.),"Frankfurt, Germany",https://jobs.smartrecruiters.com/BoschGroup/744000150984090,2026-09-28,SmartRecruiters,Germany,Frankfurt,big-tech,normal,smartrecruiters,2026-09-28,2026-09-22,2026-09-29,false,false,6,,no,unknown,true
Bosch,Working Student – Service Design with a Customer Journey Management Focus at Bosch eBike Systems (f/m/div.),"Frankfurt, Germany",https://jobs.smartrecruiters.com/BoschGroup/744000150986869,2026-09-28,SmartRecruiters,Germany,Frankfurt,big-tech,normal,smartrecruiters,2026-09-28,2026-09-22,2026-09-29,false,false,6,,no,unknown,true
Bosch,Extracurricular Internship: Eletronics Reliability Testing (f/m/div.),"Aveiro, Portugal",https://jobs.smartrecruiters.com/BoschGroup/744000150981509,2026-09-28,SmartRecruiters,Portugal,Aveiro,big-tech,normal,smartrecruiters,2026-09-28,2026-09-22,2026-09-29,false,false,12,,no,unknown,true
Bosch,Werkstudent in der SiC-Epitaxie (w/m/div.) ,"Reutlingen, Germany",https://jobs.smartrecruiters.com/BoschGroup/744000150950859,2026-09-28,SmartRecruiters,Germany,Reutlingen,big-tech,normal,smartrecruiters,2026-09-28,2026-09-22,2026-09-29,false,false,6,,no,masters,true
Bosch,Werkstudent für das Thema Klimawandel (w/m/div.),"Berlin, Germany",https://jobs.smartrecruiters.com/BoschGroup/744000150934829,2026-09-28,SmartRecruiters,Germany,Berlin,big-tech,normal,smartrecruiters,2026-09-28,2026-09-22,2026-09-29,false,false,,,unknown,unknown,true
Bosch,Pflichtpraktikum im weltweiten Angebotscontrolling,"Stuttgart, Germany",https://jobs.smartrecruiters.com/BoschGroup/744000150703210,2026-09-28,SmartRecruiters,Germany,Stuttgart,big-tech,normal,smartrecruiters,2026-09-28,2026-09-21,2026-09-29,false,false,6,,no,unknown,true
Bosch,Praktikum im Vertriebscontrolling für den Bereich Projekte/Key Account-Kunden,"Munich, Germany",https://jobs.smartrecruiters.com/BoschGroup/744000150701039,2026-09-28,SmartRecruiters,Germany,Munich,big-tech,normal,smartrecruiters,2026-09-28,2026-09-21,2026-09-29,false,false,6,,no,unknown,true
Bosch,Praktikum im Bereich Digital Engineering & AI,"Leinfelden-Echterdingen, Germany",https://jobs.smartrecruiters.com/BoschGroup/744000150675159,2026-09-28,SmartRecruiters,Germany,Leinfelden-Echterdingen,big-tech,normal,smartrecruiters,2026-09-28,2026-09-21,2026-09-29,false,false,6,,no,unknown,true
Bosch,Pflichtpraktikum im Learning & Skill Management - Bosch Global Real Estate Academy,"Gerlingen, Germany",https://jobs.smartrecruiters.com/BoschGroup/744000150641861,2026-09-28,SmartRecruiters,Germany,Gerlingen,big-tech,normal,smartrecruiters,2026-09-28,2026-09-21,2026-09-29,false,false,6,,no,unknown,true
Bosch,Werkstudent Digitale Lernumgebung für Produkt- und Sales-Trainings (w/m/div.) ,"Karlsruhe, Germany",https://jobs.smartrecruiters.com/BoschGroup/744000150601929,2026-09-28,SmartRecruiters,Germany,Karlsruhe,big-tech,normal,smartrecruiters,2026-09-28,2026-09-21,2026-09-29,false,false,6,,no,unknown,true
Bosch,Werkstudent*in 3D-Animation von Sensoren – Technische Inhalte (f/m/div.) (w/m/div.),"Kusterdingen, Germany",https://jobs.smartrecruiters.com/BoschGroup/744000150395577,2026-09-28,SmartRecruiters,Germany,Kusterdingen,big-tech,normal,smartrecruiters,2026-09-28,2026-09-18,2026-09-29,false,false,6,,no,unknown,true
Bosch,Working Student 3D Animation of Sensors Technical Content (f/m/div.),"Kusterdingen, Germany",https://jobs.smartrecruiters.com/BoschGroup/744000150398990,2026-09-28,SmartRecruiters,Germany,Kusterdingen,big-tech,normal,smartrecruiters,2026-09-28,2026-09-18,2026-09-29,false,false,6,,no,unknown,true
Bosch,Extracurricular Internship – Compliance Support (f/m/div.),"Lisbon, Portugal",https://jobs.smartrecruiters.com/BoschGroup/744000150393389,2026-09-28,SmartRecruiters,Portugal,Lisbon,big-tech,normal,smartrecruiters,2026-09-28,2026-09-18,2026-09-29,false,false,,,unknown,any,true
Bosch,Praktikum im Vertrieb - Sales Excellence & Projektmanagement,"Leinfelden-Echterdingen, Germany",https://jobs.smartrecruiters.com/BoschGroup/744000150363929,2026-09-28,SmartRecruiters,Germany,Leinfelden-Echterdingen,big-tech,normal,smartrecruiters,2026-09-28,2026-09-18,2026-09-29,false,false,6,,no,unknown,true
Bosch,Praktikum Vorratsbewertung,"Schwäbisch Gmünd, Germany",https://jobs.smartrecruiters.com/BoschGroup/744000150318179,2026-09-28,SmartRecruiters,Germany,Schwäbisch Gmünd,big-tech,normal,smartrecruiters,2026-09-28,2026-09-18,2026-09-29,false,false,4,,unknown,unknown,true
Bosch,Praktikum im Bereich Controlling,"Elchingen, Germany",https://jobs.smartrecruiters.com/BoschGroup/744000150287719,2026-09-28,SmartRecruiters,Germany,Elchingen,big-tech,normal,smartrecruiters,2026-09-28,2026-09-18,2026-09-29,false,false,6,feb,no,unknown,true
Bosch,Internship Performance Analysis and Optimization of Python-Based Verification for C++ Models,"Kusterdingen, Germany",https://jobs.smartrecruiters.com/BoschGroup/744000150286279,2026-09-28,SmartRecruiters,Germany,Kusterdingen,big-tech,normal,smartrecruiters,2026-09-28,2026-09-18,2026-09-29,false,false,6,,no,unknown,true
Bosch,Pflichtpraktikum in der Prozessentwicklung,"Immenstadt im Allgäu, Germany",https://jobs.smartrecruiters.com/BoschGroup/744000150273619,2026-09-28,SmartRecruiters,Germany,Immenstadt im Allgäu,big-tech,normal,smartrecruiters,2026-09-28,2026-09-18,2026-09-29,false,false,5,,no,unknown,true
Bosch,Praktikum: Leistungsanalyse und Optimierung der Python-basierten Verifikation für C++-Modelle (w/m/div.),"Kusterdingen, Germany",https://jobs.smartrecruiters.com/BoschGroup/744000150101409,2026-09-28,SmartRecruiters,Germany,Kusterdingen,big-tech,normal,smartrecruiters,2026-09-28,2026-09-17,2026-09-29,false,false,6,,no,masters,true
Bosch,"Praktikum im Bereich Sondermaschinenbau, Mechatronik, Konstruktion","Immenstadt im Allgäu, Germany",https://jobs.smartrecruiters.com/BoschGroup/744000150099714,2026-09-28,SmartRecruiters,Germany,Immenstadt im Allgäu,big-tech,normal,smartrecruiters,2026-09-28,2026-09-17,2026-09-29,false,false,5,jan,no,unknown,true
Bosch,Data Partner Management Internship ,"Turin, Italy",https://jobs.smartrecruiters.com/BoschGroup/744000150082209,2026-09-28,SmartRecruiters,Italy,Turin,big-tech,normal,smartrecruiters,2026-09-28,2026-09-17,2026-09-29,false,false,6,,no,any,true
Bosch,Praktikum - Indirekter Einkauf (w/m/div.) ab Februar 2027,"Hallein, Austria",https://jobs.smartrecruiters.com/BoschGroup/744000150066969,2026-09-28,SmartRecruiters,Austria,Hallein,big-tech,normal,smartrecruiters,2026-09-28,2026-09-17,2026-09-29,false,false,6,feb,no,unknown,true
Bosch,Praktikum Akustische Charakterisierung von MEMS,"Kusterdingen, Germany",https://jobs.smartrecruiters.com/BoschGroup/744000150056589,2026-09-28,SmartRecruiters,Germany,Kusterdingen,big-tech,normal,smartrecruiters,2026-09-28,2026-09-17,2026-09-29,false,false,6,,no,unknown,true
Bosch,Pflichtpraktikum im Bereich Einkauf,"Stuttgart, Germany",https://jobs.smartrecruiters.com/BoschGroup/744000150052969,2026-09-28,SmartRecruiters,Germany,Stuttgart,big-tech,normal,smartrecruiters,2026-09-28,2026-09-17,2026-09-29,false,false,6,feb,no,unknown,true
Bosch,Werkstudent im internationalen Vertrieb (w/m/div.),"Kusterdingen, Germany",https://jobs.smartrecruiters.com/BoschGroup/744000150009700,2026-09-28,SmartRecruiters,Germany,Kusterdingen,big-tech,normal,smartrecruiters,2026-09-28,2026-09-17,2026-09-29,false,false,12,,no,unknown,true
Bosch,Praktikum im Bereich Materialfeldeinkauf,"Lohr am Main, Germany",https://jobs.smartrecruiters.com/BoschGroup/744000150008697,2026-09-28,SmartRecruiters,Germany,Lohr am Main,big-tech,normal,smartrecruiters,2026-09-28,2026-09-17,2026-09-29,false,false,6,,no,unknown,true
Bosch,Internship – Design Sustainable Packaging REF296423S,"Solothurn/Zuchwil, Switzerland",https://jobs.smartrecruiters.com/BoschGroup/744000149893909,2026-09-28,SmartRecruiters,Switzerland,Solothurn/Zuchwil,big-tech,normal,smartrecruiters,2026-09-28,2026-09-16,2026-09-29,false,false,5,feb,no,unknown,true
Bosch,Talent Acquisition and Employer Branding Internship,"Milan, Italy",https://jobs.smartrecruiters.com/BoschGroup/744000149876629,2026-09-28,SmartRecruiters,Italy,Milan,big-tech,normal,smartrecruiters,2026-09-28,2026-09-16,2026-09-29,false,false,6,nov,no,any,true
Bosch,Mandatory Internship Model Based Systems Engineering ,"Wernau (Neckar), Germany",https://jobs.smartrecruiters.com/BoschGroup/744000149868802,2026-09-28,SmartRecruiters,Germany,Wernau (Neckar),big-tech,normal,smartrecruiters,2026-09-28,2026-09-16,2026-09-29,false,false,6,,no,unknown,true
Bosch,Pflichtpraktikum Model Based Systems Engineering,"Wernau (Neckar), Germany",https://jobs.smartrecruiters.com/BoschGroup/744000149873704,2026-09-28,SmartRecruiters,Germany,Wernau (Neckar),big-tech,normal,smartrecruiters,2026-09-28,2026-09-16,2026-09-29,false,false,6,,no,masters,true
Bosch,Pflichtpraktikum im Lean Management,"Bühl, Germany",https://jobs.smartrecruiters.com/BoschGroup/744000149838109,2026-09-28,SmartRecruiters,Germany,Bühl,big-tech,normal,smartrecruiters,2026-09-28,2026-09-16,2026-09-29,false,false,6,feb,no,unknown,true
Bosch,Working Student in Innovation Management (f/m/div.),"Kusterdingen, Germany",https://jobs.smartrecruiters.com/BoschGroup/744000149831414,2026-09-28,SmartRecruiters,Germany,Kusterdingen,big-tech,normal,smartrecruiters,2026-09-28,2026-09-16,2026-09-29,false,false,6,,no,unknown,true
Bosch,Werkstudent im Bereich Innovationsmanagement (w/m/div.),"Kusterdingen, Germany",https://jobs.smartrecruiters.com/BoschGroup/744000149831349,2026-09-28,SmartRecruiters,Germany,Kusterdingen,big-tech,normal,smartrecruiters,2026-09-28,2026-09-16,2026-09-29,false,false,6,,no,unknown,true
Bosch,Pflichtpraktikum in der Entwicklung - Versuche und Prozesse,"Schwäbisch Gmünd, Germany",https://jobs.smartrecruiters.com/BoschGroup/744000149807720,2026-09-28,SmartRecruiters,Germany,Schwäbisch Gmünd,big-tech,normal,smartrecruiters,2026-09-28,2026-09-16,2026-09-29,false,false,6,,no,unknown,true
Bosch,Working Student in Automotive Security (f/m/div.),"Stuttgart, Germany",https://jobs.smartrecruiters.com/BoschGroup/744000149794345,2026-09-28,SmartRecruiters,Germany,Stuttgart,big-tech,normal,smartrecruiters,2026-09-28,2026-09-16,2026-09-29,false,false,12,,no,unknown,true
Bosch,Werkstudent*in im Bereich Automotive Security (w/m/div.),"Stuttgart, Germany",https://jobs.smartrecruiters.com/BoschGroup/744000149647900,2026-09-28,SmartRecruiters,Germany,Stuttgart,big-tech,normal,smartrecruiters,2026-09-28,2026-09-15,2026-09-29,false,false,12,,no,unknown,true
Bosch,Estudiante en prácticas – Departamento de Logística LOG/IPN,"Madrid, Spain",https://jobs.smartrecruiters.com/BoschGroup/744000149613311,2026-09-28,SmartRecruiters,Spain,Madrid,big-tech,normal,smartrecruiters,2026-09-28,2026-09-15,2026-09-29,false,false,6,,no,unknown,true
Bosch,Werkstudent Agile Transformation (w/m/div.),"Ulm, Germany",https://jobs.smartrecruiters.com/BoschGroup/744000149565399,2026-09-28,SmartRecruiters,Germany,Ulm,big-tech,normal,smartrecruiters,2026-09-28,2026-09-15,2026-09-29,false,false,3,,unknown,unknown,true
Bosch,Praktikum im Bereich Marketing und Kommunikation,"Stuttgart, Germany",https://jobs.smartrecruiters.com/BoschGroup/744000149536959,2026-09-28,SmartRecruiters,Germany,Stuttgart,big-tech,normal,smartrecruiters,2026-09-28,2026-09-15,2026-09-29,false,false,6,,no,unknown,true
Bosch,Extracurricular Internship: Model-Based System Simulation (f/m/div.),"Aveiro, Portugal",https://jobs.smartrecruiters.com/BoschGroup/744000149534995,2026-09-28,SmartRecruiters,Portugal,Aveiro,big-tech,normal,smartrecruiters,2026-09-28,2026-09-15,2026-09-29,false,false,12,,no,unknown,true
Bosch,Pflichtpraktikum in der Fertigungsplanung Oberflächenbeschichtung,"Stuttgart, Germany",https://jobs.smartrecruiters.com/BoschGroup/744000149517574,2026-09-28,SmartRecruiters,Germany,Stuttgart,big-tech,normal,smartrecruiters,2026-09-28,2026-09-15,2026-09-29,false,false,6,,no,unknown,true
Bosch,Praktikum im Produktmanagement (w/m/d)  REF296253F,"Frauenfeld, Switzerland",https://jobs.smartrecruiters.com/BoschGroup/744000149510369,2026-09-28,SmartRecruiters,Switzerland,Frauenfeld,big-tech,normal,smartrecruiters,2026-09-28,2026-09-15,2026-09-29,false,false,6,mar,no,unknown,true
Bosch,Werkstudent im Bereich Materialfeldeinkauf (w/m/div.),"Lohr am Main, Germany",https://jobs.smartrecruiters.com/BoschGroup/744000149341954,2026-09-28,SmartRecruiters,Germany,Lohr am Main,big-tech,normal,smartrecruiters,2026-09-28,2026-09-14,2026-09-29,false,false,6,,no,unknown,true
Bosch,Praktikum Logistik und Supply Chain Design,"Stuttgart, Germany",https://jobs.smartrecruiters.com/BoschGroup/744000149343389,2026-09-28,SmartRecruiters,Germany,Stuttgart,big-tech,normal,smartrecruiters,2026-09-28,2026-09-14,2026-09-29,false,false,6,feb,no,unknown,true
Bosch,Pflichtpraktikum im Bereich Softwareentwicklung (Full-Stack),"Stuttgart, Germany",https://jobs.smartrecruiters.com/BoschGroup/744000149337115,2026-09-28,SmartRecruiters,Germany,Stuttgart,big-tech,normal,smartrecruiters,2026-09-28,2026-09-14,2026-09-29,true,false,6,feb,no,unknown,true
Bosch,Technical Sales & Project Management Internship,"Turin, Italy",https://jobs.smartrecruiters.com/BoschGroup/744000149314960,2026-09-28,SmartRecruiters,Italy,Turin,big-tech,normal,smartrecruiters,2026-09-28,2026-09-14,2026-09-29,false,false,6,,no,masters,true
Bosch,Praktikum Logistics Warehouse Management,"Kusterdingen, Germany",https://jobs.smartrecruiters.com/BoschGroup/744000149315349,2026-09-28,SmartRecruiters,Germany,Kusterdingen,big-tech,normal,smartrecruiters,2026-09-28,2026-09-14,2026-09-29,false,false,6,nov,no,unknown,true
Bosch,Internship in Logistics,"Mechelen, Belgium",https://jobs.smartrecruiters.com/BoschGroup/744000149310749,2026-09-28,SmartRecruiters,Belgium,Mechelen,big-tech,normal,smartrecruiters,2026-09-28,2026-09-14,2026-09-29,false,false,6,oct,no,any,true
Bosch,Praktikum im B2B-Kundenmarketing,"Karlsruhe, Germany",https://jobs.smartrecruiters.com/BoschGroup/744000149303939,2026-09-28,SmartRecruiters,Germany,Karlsruhe,big-tech,normal,smartrecruiters,2026-09-28,2026-09-14,2026-09-29,false,false,6,,no,unknown,true
Bosch,Werkstudent im Bereich Gebäudesicherheit (w/m/div.) ,"Rostock, Germany",https://jobs.smartrecruiters.com/BoschGroup/744000149273755,2026-09-28,SmartRecruiters,Germany,Rostock,big-tech,normal,smartrecruiters,2026-09-28,2026-09-14,2026-09-29,false,false,12,,no,unknown,true
Bosch,HR Generalist - Curricular Internship (m/f/d),"Modena, Italy",https://jobs.smartrecruiters.com/BoschGroup/744000149264917,2026-09-28,SmartRecruiters,Italy,Modena,big-tech,normal,smartrecruiters,2026-09-28,2026-09-14,2026-09-29,false,false,,,unknown,any,true
Bosch,Prácticas en Coordinación de Repuestos en Compras (Bosch Manufacturing Solutions),"Madrid, Spain",https://jobs.smartrecruiters.com/BoschGroup/744000149250509,2026-09-28,SmartRecruiters,Spain,Madrid,big-tech,normal,smartrecruiters,2026-09-28,2026-09-14,2026-09-29,false,false,6,,no,unknown,true
Bosch,Sales Development and Analytics Internship,"Mechelen, Belgium",https://jobs.smartrecruiters.com/BoschGroup/744000148997769,2026-09-28,SmartRecruiters,Belgium,Mechelen,big-tech,normal,smartrecruiters,2026-09-28,2026-09-11,2026-09-29,false,false,6,sep,no,any,true
Bosch,Praktikum im Bereich Controlling,"Elchingen, Germany",https://jobs.smartrecruiters.com/BoschGroup/744000148987260,2026-09-28,SmartRecruiters,Germany,Elchingen,big-tech,normal,smartrecruiters,2026-09-28,2026-09-11,2026-09-29,false,false,6,feb,no,unknown,true
Bosch,Praktikum in Personalmanagement,"Reutlingen, Germany",https://jobs.smartrecruiters.com/BoschGroup/744000148985020,2026-09-28,SmartRecruiters,Germany,Reutlingen,big-tech,normal,smartrecruiters,2026-09-28,2026-09-11,2026-09-29,false,false,6,feb,no,unknown,true
Bosch,Pflichtpraktikum in HR Personalentwicklung und Skill Management,"Hildesheim, Germany",https://jobs.smartrecruiters.com/BoschGroup/744000148978099,2026-09-28,SmartRecruiters,Germany,Hildesheim,big-tech,normal,smartrecruiters,2026-09-28,2026-09-11,2026-09-29,false,false,5,,no,unknown,true
Bosch,Internship Industrial IoT Devices ,"Abstatt, Germany",https://jobs.smartrecruiters.com/BoschGroup/744000148967575,2026-09-28,SmartRecruiters,Germany,Abstatt,big-tech,normal,smartrecruiters,2026-09-28,2026-09-11,2026-09-29,false,false,6,,no,unknown,true
Bosch,Extracurricular Internship: Process Digitalization and Automation (f/m/div.),"Aveiro, Portugal",https://jobs.smartrecruiters.com/BoschGroup/744000148967860,2026-09-28,SmartRecruiters,Portugal,Aveiro,big-tech,normal,smartrecruiters,2026-09-28,2026-09-11,2026-09-29,false,false,12,,no,unknown,true
Bosch,Extracurricular Internship: Purchasing Quality Engineering (f/m/div.),"Aveiro, Portugal",https://jobs.smartrecruiters.com/BoschGroup/744000148967949,2026-09-28,SmartRecruiters,Portugal,Aveiro,big-tech,normal,smartrecruiters,2026-09-28,2026-09-11,2026-09-29,false,false,12,,no,unknown,true
Bosch,Extracurricular Internship: R&D Engineer for Domestic Hot Water Tanks (f/m/div.),"Aveiro, Portugal",https://jobs.smartrecruiters.com/BoschGroup/744000148965440,2026-09-28,SmartRecruiters,Portugal,Aveiro,big-tech,normal,smartrecruiters,2026-09-28,2026-09-11,2026-09-29,false,false,12,,no,unknown,true
Bosch,Extracurricular Internship: R&D Engineer for Heat Pump Water Heaters (f/m/div.),"Aveiro, Portugal",https://jobs.smartrecruiters.com/BoschGroup/744000148965711,2026-09-28,SmartRecruiters,Portugal,Aveiro,big-tech,normal,smartrecruiters,2026-09-28,2026-09-11,2026-09-29,false,false,12,,no,unknown,true
Bosch,Extracurricular Internship: Design for Environment Engineer (f/m/div.),"Aveiro, Portugal",https://jobs.smartrecruiters.com/BoschGroup/744000148967459,2026-09-28,SmartRecruiters,Portugal,Aveiro,big-tech,normal,smartrecruiters,2026-09-28,2026-09-11,2026-09-29,false,false,12,,no,unknown,true
Bosch,Extracurricular Internship: Product Compliance Engineer (f/m/div.),"Aveiro, Portugal",https://jobs.smartrecruiters.com/BoschGroup/744000148967199,2026-09-28,SmartRecruiters,Portugal,Aveiro,big-tech,normal,smartrecruiters,2026-09-28,2026-09-11,2026-09-29,false,false,12,,no,unknown,true
Bosch,Extracurricular Internship: UX and Product Documentation (f/m/div.),"Aveiro, Portugal",https://jobs.smartrecruiters.com/BoschGroup/744000148965690,2026-09-28,SmartRecruiters,Portugal,Aveiro,big-tech,normal,smartrecruiters,2026-09-28,2026-09-11,2026-09-29,false,false,12,,no,unknown,true
Bosch,Extracurricular Internship: Purchasing Quality Inspection (f/m/div.),"Aveiro, Portugal",https://jobs.smartrecruiters.com/BoschGroup/744000148966819,2026-09-28,SmartRecruiters,Portugal,Aveiro,big-tech,normal,smartrecruiters,2026-09-28,2026-09-11,2026-09-29,false,false,12,,no,unknown,true
Bosch,Extracurricular Internship: Purchasing Quality Reporting  (f/m/div.),"Aveiro, Portugal",https://jobs.smartrecruiters.com/BoschGroup/744000148966739,2026-09-28,SmartRecruiters,Portugal,Aveiro,big-tech,normal,smartrecruiters,2026-09-28,2026-09-11,2026-09-29,false,false,12,,no,unknown,true
Bosch,"Extracurricular Internship: Industry 4.0, IIoT and Manufacturing Digitalization  (f/m/div.)","Aveiro, Portugal",https://jobs.smartrecruiters.com/BoschGroup/744000148966429,2026-09-28,SmartRecruiters,Portugal,Aveiro,big-tech,normal,smartrecruiters,2026-09-28,2026-09-11,2026-09-29,false,false,12,,no,unknown,true
Bosch,Extracurricular Internship: Infrastructure & DevOps Engineer (f/m/div.),"Aveiro, Portugal",https://jobs.smartrecruiters.com/BoschGroup/744000148964769,2026-09-28,SmartRecruiters,Portugal,Aveiro,big-tech,normal,smartrecruiters,2026-09-28,2026-09-11,2026-09-29,false,false,12,,no,unknown,true
Bosch,Extracurricular Internship: Monitoring Industry 4.0. (f/m/div.),"Aveiro, Portugal",https://jobs.smartrecruiters.com/BoschGroup/744000148961290,2026-09-28,SmartRecruiters,Portugal,Aveiro,big-tech,normal,smartrecruiters,2026-09-28,2026-09-11,2026-09-29,false,false,12,,no,unknown,true
Bosch,Extracurricular Internship: Commercial Purchasing (f/m/div.),"Aveiro, Portugal",https://jobs.smartrecruiters.com/BoschGroup/744000148964119,2026-09-28,SmartRecruiters,Portugal,Aveiro,big-tech,normal,smartrecruiters,2026-09-28,2026-09-11,2026-09-29,false,false,12,,no,unknown,true
Bosch,Extracurricular Internship: Sustainability & Climate Strategy (f/m/div.),"Aveiro, Portugal",https://jobs.smartrecruiters.com/BoschGroup/744000148964049,2026-09-28,SmartRecruiters,Portugal,Aveiro,big-tech,normal,smartrecruiters,2026-09-28,2026-09-11,2026-09-29,false,false,12,,no,unknown,true
Bosch,Extracurricular Internship: AI & Automation Development (f/m/div.),"Aveiro, Portugal",https://jobs.smartrecruiters.com/BoschGroup/744000148960754,2026-09-28,SmartRecruiters,Portugal,Aveiro,big-tech,normal,smartrecruiters,2026-09-28,2026-09-11,2026-09-29,false,false,12,,no,any,true
Bosch,Extracurricular Internship: Learning & Project Support (f/m/div.),"Aveiro, Portugal",https://jobs.smartrecruiters.com/BoschGroup/744000148961850,2026-09-28,SmartRecruiters,Portugal,Aveiro,big-tech,normal,smartrecruiters,2026-09-28,2026-09-11,2026-09-29,false,false,12,,no,any,true
Bosch,Extracurricular Internship: R&D and Testing Engineer for Heat Pump Water Heaters (f/m/div.),"Aveiro, Portugal",https://jobs.smartrecruiters.com/BoschGroup/744000148963519,2026-09-28,SmartRecruiters,Portugal,Aveiro,big-tech,normal,smartrecruiters,2026-09-28,2026-09-11,2026-09-29,false,false,12,,no,unknown,true
Bosch,Pflichtpraktikum im Bereich Controlling,"Salzgitter, Germany",https://jobs.smartrecruiters.com/BoschGroup/744000148957885,2026-09-28,SmartRecruiters,Germany,Salzgitter,big-tech,normal,smartrecruiters,2026-09-28,2026-09-11,2026-09-29,false,false,3,,unknown,unknown,true
Bosch,Werkstudent im Bereich Informationstechnologie (w/m/div.) ,"Reutlingen, Germany",https://jobs.smartrecruiters.com/BoschGroup/744000148955270,2026-09-28,SmartRecruiters,Germany,Reutlingen,big-tech,normal,smartrecruiters,2026-09-28,2026-09-11,2026-09-29,false,false,6,,no,unknown,true
Bosch,Praktikum in der internationalen Fertigungskoordination im Bereich der Bosch Bremssysteme,"Immenstadt im Allgäu, Germany",https://jobs.smartrecruiters.com/BoschGroup/744000148923429,2026-09-28,SmartRecruiters,Germany,Immenstadt im Allgäu,big-tech,normal,smartrecruiters,2026-09-28,2026-09-11,2026-09-29,false,false,6,,no,unknown,true
Bosch,Pflichtpraktikum im strategischen Einkauf – Globale Beschaffung,"Stuttgart, Germany",https://jobs.smartrecruiters.com/BoschGroup/744000148761995,2026-09-28,SmartRecruiters,Germany,Stuttgart,big-tech,normal,smartrecruiters,2026-09-28,2026-09-10,2026-09-29,false,false,6,,no,unknown,true
Bosch,Pflichtpraktikum in der Aus- und Weiterbildung,"Salzgitter, Germany",https://jobs.smartrecruiters.com/BoschGroup/744000148742810,2026-09-28,SmartRecruiters,Germany,Salzgitter,big-tech,normal,smartrecruiters,2026-09-28,2026-09-10,2026-09-29,false,false,6,jan,no,unknown,true
Bosch,Internship 3D Scene Editing and Generation,"Hildesheim, Germany",https://jobs.smartrecruiters.com/BoschGroup/744000148728704,2026-09-28,SmartRecruiters,Germany,Hildesheim,big-tech,normal,smartrecruiters,2026-09-28,2026-09-10,2026-09-29,false,false,6,,no,unknown,true
Bosch,"Praktikum Controlling, Projektmanagement & SAP S/4 HANA","Lohr am Main, Germany",https://jobs.smartrecruiters.com/BoschGroup/744000148672629,2026-09-28,SmartRecruiters,Germany,Lohr am Main,big-tech,normal,smartrecruiters,2026-09-28,2026-09-10,2026-09-29,false,false,6,,no,unknown,true
Bosch,Pflichtpraktikum im Bereich Fertigungsplanung Stanztechnik,"Waiblingen, Germany",https://jobs.smartrecruiters.com/BoschGroup/744000148503779,2026-09-28,SmartRecruiters,Germany,Waiblingen,big-tech,normal,smartrecruiters,2026-09-28,2026-09-09,2026-09-29,false,false,5,,no,unknown,true
Bosch,"Werkstudent für Health, Safety and Environment (w/m/div.) ","Plochingen, Germany",https://jobs.smartrecruiters.com/BoschGroup/744000148476049,2026-09-28,SmartRecruiters,Germany,Plochingen,big-tech,normal,smartrecruiters,2026-09-28,2026-09-09,2026-09-29,false,false,6,,no,unknown,true
Bosch,"Werkstudent im Bereich Sales, Prozesse und Innovationen (w/m/div.)","Lohr am Main, Germany",https://jobs.smartrecruiters.com/BoschGroup/744000148471120,2026-09-28,SmartRecruiters,Germany,Lohr am Main,big-tech,normal,smartrecruiters,2026-09-28,2026-09-09,2026-09-29,false,false,6,,no,unknown,true
Bosch,Pflichtpraktikum in der Fertigungslogistik,"Salzgitter, Germany",https://jobs.smartrecruiters.com/BoschGroup/744000148459499,2026-09-28,SmartRecruiters,Germany,Salzgitter,big-tech,normal,smartrecruiters,2026-09-28,2026-09-09,2026-09-29,false,false,4,,unknown,unknown,true
Bosch,Pflichtpraktikum im Bereich Software-Tool-Entwicklung,"Schwieberdingen, Germany",https://jobs.smartrecruiters.com/BoschGroup/744000148452909,2026-09-28,SmartRecruiters,Germany,Schwieberdingen,big-tech,normal,smartrecruiters,2026-09-28,2026-09-09,2026-09-29,false,false,6,,no,unknown,true
Bosch,Werkstudent*in im Innovationsmanagement (m/w/d) (w/m/div.),"Lohr am Main, Germany",https://jobs.smartrecruiters.com/BoschGroup/744000148447409,2026-09-28,SmartRecruiters,Germany,Lohr am Main,big-tech,normal,smartrecruiters,2026-09-28,2026-09-09,2026-09-29,false,false,12,,no,unknown,true
Bosch,Working Student in Innovation Management (f/m/div.),"Lohr am Main, Germany",https://jobs.smartrecruiters.com/BoschGroup/744000148447389,2026-09-28,SmartRecruiters,Germany,Lohr am Main,big-tech,normal,smartrecruiters,2026-09-28,2026-09-09,2026-09-29,false,false,12,,no,unknown,true
Bosch,Werkstudent in der elektrischen Entwicklung (w/m/div.),"Gunzenhausen, Germany",https://jobs.smartrecruiters.com/BoschGroup/744000148429979,2026-09-28,SmartRecruiters,Germany,Gunzenhausen,big-tech,normal,smartrecruiters,2026-09-28,2026-09-09,2026-09-29,false,false,12,,no,unknown,true
Bosch,Werkstudent in der Hardware-Entwicklung für Technologiebewertung und Benchmarking bei Bosch eBike Systems (w/m/div.),"Reutlingen, Germany",https://jobs.smartrecruiters.com/BoschGroup/744000148415969,2026-09-28,SmartRecruiters,Germany,Reutlingen,big-tech,normal,smartrecruiters,2026-09-28,2026-09-09,2026-09-29,false,false,6,,no,unknown,true
Bosch,Pflichtpraktikum Automatisierung Operative Logistik,"Bühl, Germany",https://jobs.smartrecruiters.com/BoschGroup/744000148411819,2026-09-28,SmartRecruiters,Germany,Bühl,big-tech,normal,smartrecruiters,2026-09-28,2026-09-09,2026-09-29,false,false,6,feb,no,unknown,true
Bosch,Extracurricular Internship: Mechanical Engineer – eBike (f/m/div.),"Ovar, Portugal",https://jobs.smartrecruiters.com/BoschGroup/744000148231216,2026-09-28,SmartRecruiters,Portugal,Ovar,big-tech,normal,smartrecruiters,2026-09-28,2026-09-08,2026-09-29,false,false,12,,no,any,true
Bosch,Pflichtpraktikum im Bereich Human Resources Management - People Matter,"Stuttgart, Germany",https://jobs.smartrecruiters.com/BoschGroup/744000148221819,2026-09-28,SmartRecruiters,Germany,Stuttgart,big-tech,normal,smartrecruiters,2026-09-28,2026-09-08,2026-09-29,false,false,3,,unknown,unknown,true
Bosch,Pflichtpraktikum in der Logistikplanung - Steuerung und Koordination von globalen Lieferketten,"Bühl, Germany",https://jobs.smartrecruiters.com/BoschGroup/744000148196429,2026-09-28,SmartRecruiters,Germany,Bühl,big-tech,normal,smartrecruiters,2026-09-28,2026-09-08,2026-09-29,false,false,5,jan,no,any,true
Bosch,Praktikum Technische Funktionen im Fertigungswerk,"Lohr am Main, Germany",https://jobs.smartrecruiters.com/BoschGroup/744000148187320,2026-09-28,SmartRecruiters,Germany,Lohr am Main,big-tech,normal,smartrecruiters,2026-09-28,2026-09-08,2026-09-29,false,false,4,,unknown,unknown,true
Bosch,Praktikum in der Entwicklung - Aufbau einer Wirkungsgraddatenbank,"Horb am Neckar, Germany",https://jobs.smartrecruiters.com/BoschGroup/744000148182414,2026-09-28,SmartRecruiters,Germany,Horb am Neckar,big-tech,normal,smartrecruiters,2026-09-28,2026-09-08,2026-09-29,false,false,6,sep,no,unknown,true
Bosch,Pflichtpraktikum in der Digitalisierung & Automatisierung (physische Logistik),"Salzgitter, Germany",https://jobs.smartrecruiters.com/BoschGroup/744000148159329,2026-09-28,SmartRecruiters,Germany,Salzgitter,big-tech,normal,smartrecruiters,2026-09-28,2026-09-08,2026-09-29,false,false,6,,no,unknown,true
Bosch,Pflichtpraktikum im strategischen Halbleitereinkauf,"Stuttgart, Germany",https://jobs.smartrecruiters.com/BoschGroup/744000148153643,2026-09-28,SmartRecruiters,Germany,Stuttgart,big-tech,normal,smartrecruiters,2026-09-28,2026-09-08,2026-09-29,false,false,6,,no,unknown,true
Bosch,Pflichtpraktikum im Bereich Logistik,"Salzgitter, Germany",https://jobs.smartrecruiters.com/BoschGroup/744000148156729,2026-09-28,SmartRecruiters,Germany,Salzgitter,big-tech,normal,smartrecruiters,2026-09-28,2026-09-08,2026-09-29,false,false,6,,no,unknown,true
Bosch,Praktikum im Bereich Projektleitung Produktionsmanagement,"Waiblingen, Germany",https://jobs.smartrecruiters.com/BoschGroup/744000148149629,2026-09-28,SmartRecruiters,Germany,Waiblingen,big-tech,normal,smartrecruiters,2026-09-28,2026-09-08,2026-09-29,false,false,6,,no,unknown,true
Bosch,Pflichtpraktikum im Bereich Applikation Steuergeräte im Fahrzeug,"Schwieberdingen, Germany",https://jobs.smartrecruiters.com/BoschGroup/744000147958599,2026-09-28,SmartRecruiters,Germany,Schwieberdingen,big-tech,normal,smartrecruiters,2026-09-28,2026-09-07,2026-09-29,false,false,6,,no,unknown,true
Bosch,Praktikum Softwareentwicklung und Datenanalyse,"Ansbach, Germany",https://jobs.smartrecruiters.com/BoschGroup/744000147895909,2026-09-28,SmartRecruiters,Germany,Ansbach,big-tech,normal,smartrecruiters,2026-09-28,2026-09-07,2026-09-29,true,false,4.6,,unknown,any,true
Bosch,"Praktikum Elektrotechnik, hardwarenahe Softwareentwicklung auf embedded Systems","Ansbach, Germany",https://jobs.smartrecruiters.com/BoschGroup/744000147892629,2026-09-28,SmartRecruiters,Germany,Ansbach,big-tech,normal,smartrecruiters,2026-09-28,2026-09-07,2026-09-29,true,false,4.6,,unknown,any,true
Bosch,Werkstudent im Bereich Fertigungsplanung – Montage und Prüfen (w/m/div.),"Lohr am Main, Germany",https://jobs.smartrecruiters.com/BoschGroup/744000147851309,2026-09-28,SmartRecruiters,Germany,Lohr am Main,big-tech,normal,smartrecruiters,2026-09-28,2026-09-07,2026-09-29,false,false,6,,no,unknown,true
Bosch,Praktikum in der Personalentwicklung und Recruiting,"Munich, Germany",https://jobs.smartrecruiters.com/BoschGroup/744000147517579,2026-09-28,SmartRecruiters,Germany,Munich,big-tech,normal,smartrecruiters,2026-09-28,2026-09-04,2026-09-29,false,false,6,jan,no,unknown,true
Bosch,Praktikum Preventive Quality Management,"Immenstadt im Allgäu, Germany",https://jobs.smartrecruiters.com/BoschGroup/744000147485474,2026-09-28,SmartRecruiters,Germany,Immenstadt im Allgäu,big-tech,normal,smartrecruiters,2026-09-28,2026-09-04,2026-09-29,false,false,6,,no,unknown,true
Bosch,ETAS - Curricular Internship for Thesis | Optimizing AUTOSAR Code Generation for Resource-Constrained Embedded Architectures,"Turin, Italy",https://jobs.smartrecruiters.com/BoschGroup/744000147479999,2026-09-28,SmartRecruiters,Italy,Turin,big-tech,normal,smartrecruiters,2026-09-28,2026-09-04,2026-09-29,false,false,6,sep,no,masters,true
Bosch,Pflichtpraktikum Simultaneous Engineering,"Salzgitter, Germany",https://jobs.smartrecruiters.com/BoschGroup/744000147467179,2026-09-28,SmartRecruiters,Germany,Salzgitter,big-tech,normal,smartrecruiters,2026-09-28,2026-09-04,2026-09-29,false,false,5,oct,no,unknown,true
Bosch,Praktikum Controlling,"Ansbach, Germany",https://jobs.smartrecruiters.com/BoschGroup/744000147441239,2026-09-28,SmartRecruiters,Germany,Ansbach,big-tech,normal,smartrecruiters,2026-09-28,2026-09-04,2026-09-29,false,false,6,,no,unknown,true
Bosch,Praktikum Beschaffungsplanung in der Logistik (Supply Chain),"Ansbach, Germany",https://jobs.smartrecruiters.com/BoschGroup/744000147439805,2026-09-28,SmartRecruiters,Germany,Ansbach,big-tech,normal,smartrecruiters,2026-09-28,2026-09-04,2026-09-29,false,false,4.6,,unknown,any,true
Bosch,Praktikum in Digital Order Management ,"Lohr am Main, Germany",https://jobs.smartrecruiters.com/BoschGroup/744000147437759,2026-09-28,SmartRecruiters,Germany,Lohr am Main,big-tech,normal,smartrecruiters,2026-09-28,2026-09-04,2026-09-29,false,false,6,,no,unknown,true
Bosch,Praktikum im Bereich Marketing und Kommunikation,"Munich, Germany",https://jobs.smartrecruiters.com/BoschGroup/744000147423359,2026-09-28,SmartRecruiters,Germany,Munich,big-tech,normal,smartrecruiters,2026-09-28,2026-09-04,2026-09-29,false,false,6,,no,unknown,true
Bosch,Technical Sales Two Wheeler Internship,"Turin, Italy",https://jobs.smartrecruiters.com/BoschGroup/744000147258339,2026-09-28,SmartRecruiters,Italy,Turin,big-tech,normal,smartrecruiters,2026-09-28,2026-09-03,2026-09-29,false,false,6,sep,no,masters,true
Bosch,Pflichtpraktikum Kommunikation & Transformation in der Elektromobilität,"Schwieberdingen, Germany",https://jobs.smartrecruiters.com/BoschGroup/744000147191629,2026-09-28,SmartRecruiters,Germany,Schwieberdingen,big-tech,normal,smartrecruiters,2026-09-28,2026-09-03,2026-09-29,false,false,6,,no,unknown,true
Bosch,Werkstudent im Bereich Mechanische Simulation für Bosch eBike Systems (w/m/div.),"Reutlingen, Germany",https://jobs.smartrecruiters.com/BoschGroup/744000147175004,2026-09-28,SmartRecruiters,Germany,Reutlingen,big-tech,normal,smartrecruiters,2026-09-28,2026-09-03,2026-09-29,false,false,6,,no,unknown,true
Bosch,Estudiante en prácticas - economía y organización CTG/ICO,"Madrid, Spain",https://jobs.smartrecruiters.com/BoschGroup/744000147017669,2026-09-28,SmartRecruiters,Spain,Madrid,big-tech,normal,smartrecruiters,2026-09-28,2026-09-02,2026-09-29,false,false,,,unknown,unknown,true
Bosch,Mandatory Internship Packaging Purchasing,"Stuttgart, Germany",https://jobs.smartrecruiters.com/BoschGroup/744000147012239,2026-09-28,SmartRecruiters,Germany,Stuttgart,big-tech,normal,smartrecruiters,2026-09-28,2026-09-02,2026-09-29,false,false,6,,no,unknown,true
Bosch,Werkstudent Service Management & Kommunikation (w/m/div.) ,"Wetzlar, Germany",https://jobs.smartrecruiters.com/BoschGroup/744000146977039,2026-09-28,SmartRecruiters,Germany,Wetzlar,big-tech,normal,smartrecruiters,2026-09-28,2026-09-02,2026-09-29,false,false,6,,no,unknown,true
Bosch,"Praktikum im Bereich Change-, Kommunikations- und Trainingsmanagement","Wernau (Neckar), Germany",https://jobs.smartrecruiters.com/BoschGroup/744000146931144,2026-09-28,SmartRecruiters,Germany,Wernau (Neckar),big-tech,normal,smartrecruiters,2026-09-28,2026-09-02,2026-09-29,false,false,6,,no,unknown,true
Bosch,"Praktikum im Bereich Change-, Kommunikations- und Trainingsmanagement","Wernau (Neckar), Germany",https://jobs.smartrecruiters.com/BoschGroup/744000146933399,2026-09-28,SmartRecruiters,Germany,Wernau (Neckar),big-tech,normal,smartrecruiters,2026-09-28,2026-09-02,2026-09-29,false,false,6,jan,no,unknown,true
Bosch,Praktikum im Projektcontrolling,"Hildesheim, Germany",https://jobs.smartrecruiters.com/BoschGroup/744000146931576,2026-09-28,SmartRecruiters,Germany,Hildesheim,big-tech,normal,smartrecruiters,2026-09-28,2026-09-02,2026-09-29,false,false,6,,no,unknown,true
Bosch,Pflichtpraktikum im Bereich Werkscontrolling,"Waiblingen, Germany",https://jobs.smartrecruiters.com/BoschGroup/744000146923516,2026-09-28,SmartRecruiters,Germany,Waiblingen,big-tech,normal,smartrecruiters,2026-09-28,2026-09-02,2026-09-29,false,false,6,,no,unknown,true
Bosch,Pflichtpraktikum im Bereich Operational Excellence in der Fertigung,"Bühl, Germany",https://jobs.smartrecruiters.com/BoschGroup/744000146918390,2026-09-28,SmartRecruiters,Germany,Bühl,big-tech,normal,smartrecruiters,2026-09-28,2026-09-02,2026-09-29,false,false,6,,no,any,true
Bosch,Pflichtpraktikum IT-Sicherheit in der Fertigung,"Stuttgart, Germany",https://jobs.smartrecruiters.com/BoschGroup/744000146914109,2026-09-28,SmartRecruiters,Germany,Stuttgart,big-tech,normal,smartrecruiters,2026-09-28,2026-09-02,2026-09-29,false,false,6,feb,no,unknown,true
Bosch,Praktikum – Produkt- und Projektmanagement REF295388E,"Solothurn/Zuchwil, Switzerland",https://jobs.smartrecruiters.com/BoschGroup/744000146901714,2026-09-28,SmartRecruiters,Switzerland,Solothurn/Zuchwil,big-tech,normal,smartrecruiters,2026-09-28,2026-09-02,2026-09-29,false,false,5,,no,unknown,true
Bosch,Internship – International Production Planning REF295427G,"Solothurn/Zuchwil, Switzerland",https://jobs.smartrecruiters.com/BoschGroup/744000146902159,2026-09-28,SmartRecruiters,Switzerland,Solothurn/Zuchwil,big-tech,normal,smartrecruiters,2026-09-28,2026-09-02,2026-09-29,false,false,5,,no,unknown,true
Bosch,Pflichtpraktikum in der Werkslogistik – Logistikplanung,"Salzgitter, Germany",https://jobs.smartrecruiters.com/BoschGroup/744000146898589,2026-09-28,SmartRecruiters,Germany,Salzgitter,big-tech,normal,smartrecruiters,2026-09-28,2026-09-02,2026-09-29,false,false,6,,no,unknown,true
Bosch,Praktikum Verpackungsentwicklung / Supply Chain Management,"Reutlingen, Germany",https://jobs.smartrecruiters.com/BoschGroup/744000146893359,2026-09-28,SmartRecruiters,Germany,Reutlingen,big-tech,normal,smartrecruiters,2026-09-28,2026-09-02,2026-09-29,false,false,6,,no,unknown,true
Bosch,Werkstudent Kundendienst Administration 40-50% (w/m/div.) REF295386F,"Steinhausen, Switzerland",https://jobs.smartrecruiters.com/BoschGroup/744000146732467,2026-09-28,SmartRecruiters,Switzerland,Steinhausen,big-tech,normal,smartrecruiters,2026-09-28,2026-09-01,2026-09-29,false,false,,,unknown,any,true
Bosch,Internship Bosch Digital/Customer Loyalty Team,"Brussels, Belgium",https://jobs.smartrecruiters.com/BoschGroup/744000146683890,2026-09-28,SmartRecruiters,Belgium,Brussels,big-tech,normal,smartrecruiters,2026-09-28,2026-09-01,2026-09-29,false,false,6,,no,unknown,true
Bosch,Praktikum im Supply Chain Management,"Reutlingen, Germany",https://jobs.smartrecruiters.com/BoschGroup/744000146653500,2026-09-28,SmartRecruiters,Germany,Reutlingen,big-tech,normal,smartrecruiters,2026-09-28,2026-09-01,2026-09-29,false,false,3,,unknown,unknown,true
Bosch, Praktikum im Bereich eBike System - Produktmanagement,"Reutlingen, Germany",https://jobs.smartrecruiters.com/BoschGroup/744000146620859,2026-09-28,SmartRecruiters,Germany,Reutlingen,big-tech,normal,smartrecruiters,2026-09-28,2026-09-01,2026-09-29,false,false,6,,no,unknown,true
Bosch,Quality Management Automotive Internship,"Turin, Italy",https://jobs.smartrecruiters.com/BoschGroup/744000146462201,2026-09-28,SmartRecruiters,Italy,Turin,big-tech,normal,smartrecruiters,2026-09-28,2026-08-31,2026-09-29,false,false,6,sep,no,masters,true
Bosch,Werkstudent (m/w/d) im Bereich Werkstattplanung und -organisation ,"Willershausen, Germany",https://jobs.smartrecruiters.com/BoschGroup/744000146454315,2026-09-28,SmartRecruiters,Germany,Willershausen,big-tech,normal,smartrecruiters,2026-09-28,2026-08-31,2026-09-29,false,false,,,unknown,unknown,true
Bosch,Werkstudent im Bereich Controlling (w/m/div.),"Immenstadt im Allgäu, Germany",https://jobs.smartrecruiters.com/BoschGroup/744000146434450,2026-09-28,SmartRecruiters,Germany,Immenstadt im Allgäu,big-tech,normal,smartrecruiters,2026-09-28,2026-08-31,2026-09-29,false,false,6,jan,no,unknown,true
Bosch,Praktikum im Bereich Controlling,"Immenstadt im Allgäu, Germany",https://jobs.smartrecruiters.com/BoschGroup/744000146434359,2026-09-28,SmartRecruiters,Germany,Immenstadt im Allgäu,big-tech,normal,smartrecruiters,2026-09-28,2026-08-31,2026-09-29,false,false,6,jan,no,unknown,true
Bosch,Praktikum im Einkauf (w/m/d) REF295276U,"Frauenfeld, Switzerland",https://jobs.smartrecruiters.com/BoschGroup/744000146416819,2026-09-28,SmartRecruiters,Switzerland,Frauenfeld,big-tech,normal,smartrecruiters,2026-09-28,2026-08-31,2026-09-29,false,false,6,feb,no,unknown,true
Bosch,"Werkstudent (m/w/d) im Team der Werkleitung - Kommunikation, Verbesserungsmanagement & Projekte","Horb am Neckar, Germany",https://jobs.smartrecruiters.com/BoschGroup/744000146407059,2026-09-28,SmartRecruiters,Germany,Horb am Neckar,big-tech,normal,smartrecruiters,2026-09-28,2026-08-31,2026-09-29,false,false,,aug,unknown,unknown,true
Bosch,Praktikum im globalen Vertriebs- und Distributionsmanagement (w/m/div.),"Ulm, Germany",https://jobs.smartrecruiters.com/BoschGroup/744000146186329,2026-09-28,SmartRecruiters,Germany,Ulm,big-tech,normal,smartrecruiters,2026-09-28,2026-08-28,2026-09-29,false,false,6,nov,no,unknown,true
Bosch,Internship Global Area Sales and Distribution Management,"Ulm, Germany",https://jobs.smartrecruiters.com/BoschGroup/744000146185085,2026-09-28,SmartRecruiters,Germany,Ulm,big-tech,normal,smartrecruiters,2026-09-28,2026-08-28,2026-09-29,false,false,6,nov,no,unknown,true
Bosch,Werkstudent für den Bereich Bildung (w/m/div.) ,"Berlin, Germany",https://jobs.smartrecruiters.com/BoschGroup/744000146175280,2026-09-28,SmartRecruiters,Germany,Berlin,big-tech,normal,smartrecruiters,2026-09-28,2026-08-28,2026-09-29,false,false,,,unknown,unknown,true
Bosch,Academic Internship in Service & Visual Communication Designer Intern (f/m/div.),"Braga, Portugal",https://jobs.smartrecruiters.com/BoschGroup/744000146164837,2026-09-28,SmartRecruiters,Portugal,Braga,big-tech,normal,smartrecruiters,2026-09-28,2026-08-28,2026-09-29,false,false,,,unknown,any,true
Bosch,Academic Internship in Information & Process Analyst (f/m/div.),"Braga, Portugal",https://jobs.smartrecruiters.com/BoschGroup/744000146165469,2026-09-28,SmartRecruiters,Portugal,Braga,big-tech,normal,smartrecruiters,2026-09-28,2026-08-28,2026-09-29,false,false,,,unknown,any,true
Bosch,Praktikum Agile Transformation,"Ulm, Germany",https://jobs.smartrecruiters.com/BoschGroup/744000146161040,2026-09-28,SmartRecruiters,Germany,Ulm,big-tech,normal,smartrecruiters,2026-09-28,2026-08-28,2026-09-29,false,false,3,,unknown,unknown,true
Bosch,Extracurricular Internship in Product Cost Controlling (f/m/div.),"Braga, Portugal",https://jobs.smartrecruiters.com/BoschGroup/744000146025254,2026-09-28,SmartRecruiters,Portugal,Braga,big-tech,normal,smartrecruiters,2026-09-28,2026-08-27,2026-09-29,false,false,,,unknown,unknown,true
Bosch,Pflichtpraktikum im Controlling – Schwerpunkt BU-Strategie & Digitalisierung (w/m/div.),"Schwäbisch Gmünd, Germany",https://jobs.smartrecruiters.com/BoschGroup/744000145959909,2026-09-28,SmartRecruiters,Germany,Schwäbisch Gmünd,big-tech,normal,smartrecruiters,2026-09-28,2026-08-27,2026-09-29,false,false,4,,unknown,unknown,true
Bosch,Mandatory Internship Controlling - Focus BU Strategy & Digitalization,"Schwäbisch Gmünd, Germany",https://jobs.smartrecruiters.com/BoschGroup/744000145959789,2026-09-28,SmartRecruiters,Germany,Schwäbisch Gmünd,big-tech,normal,smartrecruiters,2026-09-28,2026-08-27,2026-09-29,false,false,4,,unknown,unknown,true
Bosch,Praktikum Gestaltung Web Based Trainings / e-Learning Inhalte,"Dresden, Germany",https://jobs.smartrecruiters.com/BoschGroup/744000145942659,2026-09-28,SmartRecruiters,Germany,Dresden,big-tech,normal,smartrecruiters,2026-09-28,2026-08-27,2026-09-29,false,false,6,,no,unknown,true
Bosch,Mandatory Internship in the international Sales Team for Mercedes-Benz,"Leonberg, Germany",https://jobs.smartrecruiters.com/BoschGroup/744000145724319,2026-09-28,SmartRecruiters,Germany,Leonberg,big-tech,normal,smartrecruiters,2026-09-28,2026-08-26,2026-09-29,false,false,6,,no,unknown,true
Bosch,Pflichtpraktikum im Sales Customer Team bei Mercedes-Benz Automotive (w/m/div.),"Leonberg, Germany",https://jobs.smartrecruiters.com/BoschGroup/744000145717159,2026-09-28,SmartRecruiters,Germany,Leonberg,big-tech,normal,smartrecruiters,2026-09-28,2026-08-26,2026-09-29,false,false,6,,no,unknown,true
Bosch,Praktikum im Business Process Management,"Karlsruhe, Germany",https://jobs.smartrecruiters.com/BoschGroup/744000145663084,2026-09-28,SmartRecruiters,Germany,Karlsruhe,big-tech,normal,smartrecruiters,2026-09-28,2026-08-26,2026-09-29,false,false,6,,no,unknown,true
Bosch,Praktikum UX/UI & AI Design für Digital Logistics Solutions,"Reutlingen, Germany",https://jobs.smartrecruiters.com/BoschGroup/744000145651839,2026-09-28,SmartRecruiters,Germany,Reutlingen,big-tech,normal,smartrecruiters,2026-09-28,2026-08-26,2026-09-29,false,false,6,,no,unknown,true
Bosch,Werkstudent SAP Process Navigator (w/m/div.),"Gunzenhausen, Germany",https://jobs.smartrecruiters.com/BoschGroup/744000145562279,2026-09-28,SmartRecruiters,Germany,Gunzenhausen,big-tech,normal,smartrecruiters,2026-09-28,2026-08-25,2026-09-29,false,false,6,,no,unknown,true
Bosch,Werkstudent im Produkt- und Prozessmanagement (w/m/div.) ,"Wetzlar, Germany",https://jobs.smartrecruiters.com/BoschGroup/744000145518430,2026-09-28,SmartRecruiters,Germany,Wetzlar,big-tech,normal,smartrecruiters,2026-09-28,2026-08-25,2026-09-29,false,false,12,,no,unknown,true
Bosch,Pflichtpraktikum in Business Development mit Fokus auf strategisches Partnermanagement,"Bietigheim-Bissingen, Germany",https://jobs.smartrecruiters.com/BoschGroup/744000145486687,2026-09-28,SmartRecruiters,Germany,Bietigheim-Bissingen,big-tech,normal,smartrecruiters,2026-09-28,2026-08-25,2026-09-29,false,false,6,apr,no,unknown,true
Bosch,Praktikum im Bereich Logistik und Verpackungsentwicklung,"Karlsruhe, Germany",https://jobs.smartrecruiters.com/BoschGroup/744000145477869,2026-09-28,SmartRecruiters,Germany,Karlsruhe,big-tech,normal,smartrecruiters,2026-09-28,2026-08-25,2026-09-29,false,false,6,,no,unknown,true
Bosch,Pflichtpraktikum in der Führungskräfteentwicklung,"Gerlingen, Germany",https://jobs.smartrecruiters.com/BoschGroup/744000145456088,2026-09-28,SmartRecruiters,Germany,Gerlingen,big-tech,normal,smartrecruiters,2026-09-28,2026-08-25,2026-09-29,false,false,6,sep,no,unknown,true
Bosch,Pflichtpraktikum im Aufbau und in der Untersuchung von Einpresstechnik in Leiterplatten,"Schwieberdingen, Germany",https://jobs.smartrecruiters.com/BoschGroup/744000145446057,2026-09-28,SmartRecruiters,Germany,Schwieberdingen,big-tech,normal,smartrecruiters,2026-09-28,2026-08-25,2026-09-29,false,false,5,,no,unknown,true
Bosch,Praktikum in der Logistikplanung,"Ludwigsburg, Germany",https://jobs.smartrecruiters.com/BoschGroup/744000145446099,2026-09-28,SmartRecruiters,Germany,Ludwigsburg,big-tech,normal,smartrecruiters,2026-09-28,2026-08-25,2026-09-29,false,false,6,,no,unknown,true
Bosch,Academic Internship in Economics/International Relations(f/m/div.),"Braga, Portugal",https://jobs.smartrecruiters.com/BoschGroup/744000144762321,2026-09-28,SmartRecruiters,Portugal,Braga,big-tech,normal,smartrecruiters,2026-09-28,2026-08-21,2026-09-29,false,false,,,unknown,any,true
Bosch,Pflichtpraktikum im strategischen Einkauf für Drehteile (w/m/div.),"Bietigheim-Bissingen, Germany",https://jobs.smartrecruiters.com/BoschGroup/744000144712579,2026-09-28,SmartRecruiters,Germany,Bietigheim-Bissingen,big-tech,normal,smartrecruiters,2026-09-28,2026-08-21,2026-09-29,false,false,6,,no,unknown,true
Bosch,Mandatory Internship in the Strategic Purchasing for Turned Parts,"Bietigheim-Bissingen, Germany",https://jobs.smartrecruiters.com/BoschGroup/744000144712529,2026-09-28,SmartRecruiters,Germany,Bietigheim-Bissingen,big-tech,normal,smartrecruiters,2026-09-28,2026-08-21,2026-09-29,false,false,6,,no,unknown,true
Bosch,Internship in the Strategic Purchasing for Turned Parts,"Elchingen, Germany",https://jobs.smartrecruiters.com/BoschGroup/744000144711789,2026-09-28,SmartRecruiters,Germany,Elchingen,big-tech,normal,smartrecruiters,2026-09-28,2026-08-21,2026-09-29,false,false,6,,no,unknown,true
Bosch,Praktikum im strategischen Einkauf für Drehteile (w/m/div.),"Elchingen, Germany",https://jobs.smartrecruiters.com/BoschGroup/744000144711369,2026-09-28,SmartRecruiters,Germany,Elchingen,big-tech,normal,smartrecruiters,2026-09-28,2026-08-21,2026-09-29,false,false,6,,no,unknown,true
Bosch,Working Student for Automation of Circuit Diagram Creation Using Microsoft Visio (f/m/div.),"Reutlingen, Germany",https://jobs.smartrecruiters.com/BoschGroup/744000144483229,2026-09-28,SmartRecruiters,Germany,Reutlingen,big-tech,normal,smartrecruiters,2026-09-28,2026-08-20,2026-09-29,false,false,6,,no,unknown,true
Bosch,Praktikum in der Entwicklung für Reinigung und Oberflächentechnologie,"Reutlingen, Germany",https://jobs.smartrecruiters.com/BoschGroup/744000144003759,2026-09-28,SmartRecruiters,Germany,Reutlingen,big-tech,normal,smartrecruiters,2026-09-28,2026-08-18,2026-09-29,false,false,6,,no,unknown,true
Bosch,Praktikum im Projektcontrolling/-management,"Berlin, Germany",https://jobs.smartrecruiters.com/BoschGroup/744000143979739,2026-09-28,SmartRecruiters,Germany,Berlin,big-tech,normal,smartrecruiters,2026-09-28,2026-08-18,2026-09-29,false,false,6,,no,unknown,true
Bosch,"Praktikum in Support, Abwicklung & Standortthemen","Wetzlar, Germany",https://jobs.smartrecruiters.com/BoschGroup/744000143838839,2026-09-28,SmartRecruiters,Germany,Wetzlar,big-tech,normal,smartrecruiters,2026-09-28,2026-08-17,2026-09-29,false,false,6,,no,unknown,true
Bosch,Pflichtpraktikum Customer Strategy & Experience – Technisches Akquisitionsmanagement (w/m/div.),"Leonberg, Germany",https://jobs.smartrecruiters.com/BoschGroup/744000143821990,2026-09-28,SmartRecruiters,Germany,Leonberg,big-tech,normal,smartrecruiters,2026-09-28,2026-08-17,2026-09-29,false,false,6,,no,unknown,true
Bosch,Mandatory Internship Customer Strategy & Experience - Technical Acquisition Management,"Leonberg, Germany",https://jobs.smartrecruiters.com/BoschGroup/744000143821556,2026-09-28,SmartRecruiters,Germany,Leonberg,big-tech,normal,smartrecruiters,2026-09-28,2026-08-17,2026-09-29,false,false,6,,no,unknown,true
Bosch,"Pflichtpraktikum im strategischen Supply Chain Management - Purchasing/Einkauf, Automotive Electronics und Innovation","Stuttgart, Germany",https://jobs.smartrecruiters.com/BoschGroup/744000143755650,2026-09-28,SmartRecruiters,Germany,Stuttgart,big-tech,normal,smartrecruiters,2026-09-28,2026-08-17,2026-09-29,false,false,6,feb,no,unknown,true
Bosch,DevOps Engineer - Internship (f/m/div.),"Ovar, Portugal",https://jobs.smartrecruiters.com/BoschGroup/744000143455469,2026-09-28,SmartRecruiters,Portugal,Ovar,big-tech,normal,smartrecruiters,2026-09-28,2026-08-14,2026-09-29,false,false,,,unknown,unknown,true
Bosch,Werkstudent in der mechanischen Konstruktion (w/m/div.) ,"Gunzenhausen, Germany",https://jobs.smartrecruiters.com/BoschGroup/744000143302419,2026-09-28,SmartRecruiters,Germany,Gunzenhausen,big-tech,normal,smartrecruiters,2026-09-28,2026-08-13,2026-09-29,false,false,6,,no,unknown,true
Bosch,Werkstudent Computer Vision & Python (w/m/div.),"Reutlingen, Germany",https://jobs.smartrecruiters.com/BoschGroup/744000143071344,2026-09-28,SmartRecruiters,Germany,Reutlingen,big-tech,normal,smartrecruiters,2026-09-28,2026-08-12,2026-09-29,false,false,6,,no,unknown,true
Bosch,Pflichtpraktikum in der Personalabteilung (m/w/div.),"Waiblingen, Germany",https://jobs.smartrecruiters.com/BoschGroup/744000143034605,2026-09-28,SmartRecruiters,Germany,Waiblingen,big-tech,normal,smartrecruiters,2026-09-28,2026-08-12,2026-09-29,false,false,6,aug,no,unknown,true
Bosch,Pflichtpraktikum im Bereich Human Resources,"Schweinfurt, Germany",https://jobs.smartrecruiters.com/BoschGroup/744000142843355,2026-09-28,SmartRecruiters,Germany,Schweinfurt,big-tech,normal,smartrecruiters,2026-09-28,2026-08-11,2026-09-29,false,false,6,,no,unknown,true
Bosch,Praktikum in der Kundenauftragsabwicklung und Programmplanung,"Haßfurt, Germany",https://jobs.smartrecruiters.com/BoschGroup/744000142792529,2026-09-28,SmartRecruiters,Germany,Haßfurt,big-tech,normal,smartrecruiters,2026-09-28,2026-08-11,2026-09-29,false,false,6,mar,no,unknown,true
Bosch,Praktikum im Bereich KI & Digital Transformation im Projektmanagement,"Lohr am Main, Germany",https://jobs.smartrecruiters.com/BoschGroup/744000142789009,2026-09-28,SmartRecruiters,Germany,Lohr am Main,big-tech,normal,smartrecruiters,2026-09-28,2026-08-11,2026-09-29,false,false,4,,unknown,unknown,true
Bosch,Pflichtpraktikum in der Werkstoffentwicklung Metal Injection Molding - 3D-Binderjetting,"Immenstadt im Allgäu, Germany",https://jobs.smartrecruiters.com/BoschGroup/744000142605509,2026-09-28,SmartRecruiters,Germany,Immenstadt im Allgäu,big-tech,normal,smartrecruiters,2026-09-28,2026-08-10,2026-09-29,false,false,3,,unknown,unknown,true
Bosch,Praktikum im Bereich Architektur und Design,"Dresden, Germany",https://jobs.smartrecruiters.com/BoschGroup/744000142127003,2026-09-28,SmartRecruiters,Germany,Dresden,big-tech,normal,smartrecruiters,2026-09-28,2026-08-07,2026-09-29,false,false,4,feb,no,unknown,true
Bosch,Academic Internship in Mechanical Engineering (f/m/div.),"Braga, Portugal",https://jobs.smartrecruiters.com/BoschGroup/744000141941434,2026-09-28,SmartRecruiters,Portugal,Braga,big-tech,normal,smartrecruiters,2026-09-28,2026-08-06,2026-09-29,false,false,,,unknown,unknown,true
Bosch,Academic Internship in Mechanic or Materials Engineering (f/m/div.),"Braga, Portugal",https://jobs.smartrecruiters.com/BoschGroup/744000141942529,2026-09-28,SmartRecruiters,Portugal,Braga,big-tech,normal,smartrecruiters,2026-09-28,2026-08-06,2026-09-29,false,false,,,unknown,unknown,true
Bosch,Praktikum in der Logistik - Data & Analytics,"Lohr am Main, Germany",https://jobs.smartrecruiters.com/BoschGroup/744000141914929,2026-09-28,SmartRecruiters,Germany,Lohr am Main,big-tech,normal,smartrecruiters,2026-09-28,2026-08-06,2026-09-29,false,false,6,,no,unknown,true
Bosch,Pflichtpraktikum in der Personalabteilung – Aus- und Weiterbildung,"Schweinfurt, Germany",https://jobs.smartrecruiters.com/BoschGroup/744000141906212,2026-09-28,SmartRecruiters,Germany,Schweinfurt,big-tech,normal,smartrecruiters,2026-09-28,2026-08-06,2026-09-29,false,false,6,,no,unknown,true
Bosch,Praktikum Marketing und Vertrieb - Werkstattausrüstung,"Karlsruhe, Germany",https://jobs.smartrecruiters.com/BoschGroup/744000141860214,2026-09-28,SmartRecruiters,Germany,Karlsruhe,big-tech,normal,smartrecruiters,2026-09-28,2026-08-06,2026-09-29,false,false,6,,no,unknown,true
Bosch,Werkstudent in der Digitalen Bildung - webbasierte Trainings (w/m/div.),"Plochingen, Germany",https://jobs.smartrecruiters.com/BoschGroup/744000141846890,2026-09-28,SmartRecruiters,Germany,Plochingen,big-tech,normal,smartrecruiters,2026-09-28,2026-08-06,2026-09-29,false,false,12,,no,unknown,true
Bosch,Pflichtpraktikum im Bereich neuartiger By-Wire-Lenksysteme,"Renningen, Germany",https://jobs.smartrecruiters.com/BoschGroup/744000141843119,2026-09-28,SmartRecruiters,Germany,Renningen,big-tech,normal,smartrecruiters,2026-09-28,2026-08-06,2026-09-29,false,false,6,oct,no,unknown,true
Bosch,Praktikum im Bereich Einkauf - Elektronik,"Wernau (Neckar), Germany",https://jobs.smartrecruiters.com/BoschGroup/744000141698999,2026-09-28,SmartRecruiters,Germany,Wernau (Neckar),big-tech,normal,smartrecruiters,2026-09-28,2026-08-05,2026-09-29,false,false,6,,no,unknown,true
Bosch,Praktikum New Business und Prozessmanagement,"Murrhardt, Germany",https://jobs.smartrecruiters.com/BoschGroup/744000141665619,2026-09-28,SmartRecruiters,Germany,Murrhardt,big-tech,normal,smartrecruiters,2026-09-28,2026-08-05,2026-09-29,false,false,6,,no,unknown,true
Bosch,Extracurricular Internship: Project Management for Digitalization (f/m/div.),"Aveiro, Portugal",https://jobs.smartrecruiters.com/BoschGroup/744000141522449,2026-09-28,SmartRecruiters,Portugal,Aveiro,big-tech,normal,smartrecruiters,2026-09-28,2026-08-04,2026-09-29,false,false,12,,no,masters,true
Bosch,Pflichtpraktikum in der Full-Stack-Entwicklung zur Release-Automatisierung von Embedded-Middleware-Software im Automobilbereich (w/m/div.),"Abstatt, Germany",https://jobs.smartrecruiters.com/BoschGroup/744000141479585,2026-09-28,SmartRecruiters,Germany,Abstatt,big-tech,normal,smartrecruiters,2026-09-28,2026-08-04,2026-09-29,true,false,6,,no,unknown,true
Bosch,Mandatory Internship Full-Stack Development for Release Automation of Automotive Embedded Middleware Software,"Abstatt, Germany",https://jobs.smartrecruiters.com/BoschGroup/744000141476667,2026-09-28,SmartRecruiters,Germany,Abstatt,big-tech,normal,smartrecruiters,2026-09-28,2026-08-04,2026-09-29,true,false,6,,no,unknown,true
Bosch,Praktikum im Bereich technisches Marketing (Technical Content Creation) ,"Schwäbisch Gmünd, Germany",https://jobs.smartrecruiters.com/BoschGroup/744000141466979,2026-09-28,SmartRecruiters,Germany,Schwäbisch Gmünd,big-tech,normal,smartrecruiters,2026-09-28,2026-08-04,2026-09-29,false,false,6,,no,unknown,true
Bosch,Praktikum Produktions- und Logistikmanagement,"Reutlingen, Germany",https://jobs.smartrecruiters.com/BoschGroup/744000141217076,2026-09-28,SmartRecruiters,Germany,Reutlingen,big-tech,normal,smartrecruiters,2026-09-28,2026-08-03,2026-09-29,false,false,6,,no,unknown,true
Bosch,Praktikum in der Technologieentwicklung – KI-basierte Sensorauswertung,"Reutlingen, Germany",https://jobs.smartrecruiters.com/BoschGroup/744000140897752,2026-09-28,SmartRecruiters,Germany,Reutlingen,big-tech,normal,smartrecruiters,2026-09-28,2026-07-31,2026-09-29,false,false,6,,no,unknown,true
Bosch,Pflichtpraktikum im Eventmanagement,"Leinfelden-Echterdingen, Germany",https://jobs.smartrecruiters.com/BoschGroup/744000140836010,2026-09-28,SmartRecruiters,Germany,Leinfelden-Echterdingen,big-tech,normal,smartrecruiters,2026-09-28,2026-07-31,2026-09-29,false,false,6,,no,unknown,true
Bosch,Pflichtpraktikum in der Logistik und Fertigungssteuerung,"Schweinfurt, Germany",https://jobs.smartrecruiters.com/BoschGroup/744000140835809,2026-09-28,SmartRecruiters,Germany,Schweinfurt,big-tech,normal,smartrecruiters,2026-09-28,2026-07-31,2026-09-29,false,false,6,mar,no,unknown,true
Bosch,Praktikum im Bereich NVH/ Akustik Simulation von Axialkolbeneinheiten,"Horb am Neckar, Germany",https://jobs.smartrecruiters.com/BoschGroup/744000140436780,2026-09-28,SmartRecruiters,Germany,Horb am Neckar,big-tech,normal,smartrecruiters,2026-09-28,2026-07-29,2026-09-29,false,false,6,oct,no,unknown,true
Bosch,Pflichtpraktikum im Bereich Human Resources - Personalentwicklung und Mitarbeiterbetreuung,"Bühl, Germany",https://jobs.smartrecruiters.com/BoschGroup/744000140398912,2026-09-28,SmartRecruiters,Germany,Bühl,big-tech,normal,smartrecruiters,2026-09-28,2026-07-29,2026-09-29,false,false,6,mar,no,unknown,true
Bosch,Pflichtpraktikum in der Fertigungsplanung ESP,"Bühl, Germany",https://jobs.smartrecruiters.com/BoschGroup/744000140005184,2026-09-28,SmartRecruiters,Germany,Bühl,big-tech,normal,smartrecruiters,2026-09-28,2026-07-27,2026-09-29,false,false,3,,unknown,unknown,true
Bosch,Werkstudent im Bereich Technik – Frühschicht (w/m/div.),"Kusterdingen, Germany",https://jobs.smartrecruiters.com/BoschGroup/744000139983669,2026-09-28,SmartRecruiters,Germany,Kusterdingen,big-tech,normal,smartrecruiters,2026-09-28,2026-07-27,2026-09-29,false,false,12,,no,unknown,true
Bosch,Manufacturing Operations Intern,"Nonantola, Italy",https://jobs.smartrecruiters.com/BoschGroup/744000139943541,2026-09-28,SmartRecruiters,Italy,Nonantola,big-tech,normal,smartrecruiters,2026-09-28,2026-07-27,2026-09-29,false,false,,,unknown,any,true
Bosch,Pflichtpraktikum Bereich Human Resources – Kommunikation & Projektmanagement,"Stuttgart, Germany",https://jobs.smartrecruiters.com/BoschGroup/744000139583169,2026-09-28,SmartRecruiters,Germany,Stuttgart,big-tech,normal,smartrecruiters,2026-09-28,2026-07-24,2026-09-29,false,false,3,,unknown,unknown,true
Bosch,Praktikum im Bereich HR – Training & Digital Learning,"Stuttgart, Germany",https://jobs.smartrecruiters.com/BoschGroup/744000139301305,2026-09-28,SmartRecruiters,Germany,Stuttgart,big-tech,normal,smartrecruiters,2026-09-28,2026-07-23,2026-09-29,false,false,6,,no,unknown,true
Bosch,Logistic Internship,"Turin, Italy",https://jobs.smartrecruiters.com/BoschGroup/744000139277649,2026-09-28,SmartRecruiters,Italy,Turin,big-tech,normal,smartrecruiters,2026-09-28,2026-07-23,2026-09-29,false,false,6,oct,no,masters,true
Bosch,Pflichtpraktikum im Bereich KI-Portfolio & Wissensmanagement,"Stuttgart, Germany",https://jobs.smartrecruiters.com/BoschGroup/744000139206679,2026-09-28,SmartRecruiters,Germany,Stuttgart,big-tech,normal,smartrecruiters,2026-09-28,2026-07-23,2026-09-29,false,false,5,,no,unknown,true
Bosch,Internship - Sales Customer Care Support (m/f/d),"Cernusco Sul Naviglio, Italy",https://jobs.smartrecruiters.com/BoschGroup/744000139065379,2026-09-28,SmartRecruiters,Italy,Cernusco Sul Naviglio,big-tech,normal,smartrecruiters,2026-09-28,2026-07-22,2026-09-29,false,false,6,,no,unknown,true
Bosch,Pflichtpraktikum im Key Account Management ,"Hamburg, Germany",https://jobs.smartrecruiters.com/BoschGroup/744000138809069,2026-09-28,SmartRecruiters,Germany,Hamburg,big-tech,normal,smartrecruiters,2026-09-28,2026-07-21,2026-09-29,false,false,6,,no,unknown,true
Bosch,Stage Informatique industrielle,"Saint-Thégonnec Loc-Eguiner, France",https://jobs.smartrecruiters.com/BoschGroup/744000138376494,2026-09-28,SmartRecruiters,France,Saint-Thégonnec Loc-Eguiner,big-tech,normal,smartrecruiters,2026-09-28,2026-07-17,2026-09-29,false,false,,,unknown,unknown,true
Bosch,Digital Sales & Operations Curricular Internship,"Turin, Italy",https://jobs.smartrecruiters.com/BoschGroup/744000138295670,2026-09-28,SmartRecruiters,Italy,Turin,big-tech,normal,smartrecruiters,2026-09-28,2026-07-17,2026-09-29,false,false,6,,no,masters,true
Bosch,Praktikum im Vertrieb für Automatisierungssoftware,"Ulm, Germany",https://jobs.smartrecruiters.com/BoschGroup/744000138091211,2026-09-28,SmartRecruiters,Germany,Ulm,big-tech,normal,smartrecruiters,2026-09-28,2026-07-16,2026-09-29,false,false,6,,no,unknown,true
Bosch,HSE - Internship,"Vezzano sul Crostolo, Italy",https://jobs.smartrecruiters.com/BoschGroup/744000138051419,2026-09-28,SmartRecruiters,Italy,Vezzano sul Crostolo,big-tech,normal,smartrecruiters,2026-09-28,2026-07-16,2026-09-29,false,false,,,unknown,unknown,true
Bosch,Praktikum Business Operations Connected Parking,"Frankfurt, Germany",https://jobs.smartrecruiters.com/BoschGroup/744000138043309,2026-09-28,SmartRecruiters,Germany,Frankfurt,big-tech,normal,smartrecruiters,2026-09-28,2026-07-16,2026-09-29,false,false,4,,unknown,unknown,true
Bosch,Pflichtpraktikum in der Automatisierung der Prozessentwicklung mit agentischer KI in der Fertigung (w/m/div.),"Renningen, Germany",https://jobs.smartrecruiters.com/BoschGroup/744000137824828,2026-09-28,SmartRecruiters,Germany,Renningen,big-tech,normal,smartrecruiters,2026-09-28,2026-07-15,2026-09-29,false,false,6,,no,unknown,true
Bosch,Pflichtpraktikum im Change Management & Organisationsentwicklung,"Stuttgart, Germany",https://jobs.smartrecruiters.com/BoschGroup/744000137824092,2026-09-28,SmartRecruiters,Germany,Stuttgart,big-tech,normal,smartrecruiters,2026-09-28,2026-07-15,2026-09-29,false,false,5,,no,unknown,true
Bosch,Praktikum in der Prozessentwicklung und -überwachung beim Laserstrahlschweißen,"Stuttgart, Germany",https://jobs.smartrecruiters.com/BoschGroup/744000137823668,2026-09-28,SmartRecruiters,Germany,Stuttgart,big-tech,normal,smartrecruiters,2026-09-28,2026-07-15,2026-09-29,false,false,6,,no,unknown,true
Bosch,Praktikum Social Media & Marketing – Two-Wheeler & Powersports ,"Abstatt, Germany",https://jobs.smartrecruiters.com/BoschGroup/744000137823259,2026-09-28,SmartRecruiters,Germany,Abstatt,big-tech,normal,smartrecruiters,2026-09-28,2026-07-15,2026-09-29,false,false,6,,no,unknown,true
Bosch,Praktikum in der Film- und Videokommunikation,"Stuttgart, Germany",https://jobs.smartrecruiters.com/BoschGroup/744000137822958,2026-09-28,SmartRecruiters,Germany,Stuttgart,big-tech,normal,smartrecruiters,2026-09-28,2026-07-15,2026-09-29,false,false,6,,no,unknown,true
Bosch,Praktikum Scrum-Master im Agilen Team,"Stuttgart, Germany",https://jobs.smartrecruiters.com/BoschGroup/744000137821011,2026-09-28,SmartRecruiters,Germany,Stuttgart,big-tech,normal,smartrecruiters,2026-09-28,2026-07-15,2026-09-29,false,false,6,,no,unknown,true
Bosch,Praktikum in der Kundenplanung,"Elchingen, Germany",https://jobs.smartrecruiters.com/BoschGroup/744000137364579,2026-09-28,SmartRecruiters,Germany,Elchingen,big-tech,normal,smartrecruiters,2026-09-28,2026-07-13,2026-09-29,false,false,3,,unknown,unknown,true
Bosch,Internship in the field of Lean Manufacturing,"Tienen, Belgium",https://jobs.smartrecruiters.com/BoschGroup/744000137060449,2026-09-28,SmartRecruiters,Belgium,Tienen,big-tech,normal,smartrecruiters,2026-09-28,2026-07-10,2026-09-29,false,false,,nov,no,unknown,true
Bosch,Prácticas en Departamento de Compras Mecanizado,"Madrid, Spain",https://jobs.smartrecruiters.com/BoschGroup/744000136791019,2026-09-28,SmartRecruiters,Spain,Madrid,big-tech,normal,smartrecruiters,2026-09-28,2026-07-09,2026-09-29,false,false,6,,no,unknown,true
Bosch,Prácticas en Mejora Continua y Operaciones (MOE),"Madrid, Spain",https://jobs.smartrecruiters.com/BoschGroup/744000136486586,2026-09-28,SmartRecruiters,Spain,Madrid,big-tech,normal,smartrecruiters,2026-09-28,2026-07-08,2026-09-29,false,false,6,,no,unknown,true
Bosch,Pflichtpraktikum Logistik - Schwerpunkt Data & Analytics ,"Immenstadt im Allgäu, Germany",https://jobs.smartrecruiters.com/BoschGroup/744000136455353,2026-09-28,SmartRecruiters,Germany,Immenstadt im Allgäu,big-tech,normal,smartrecruiters,2026-09-28,2026-07-08,2026-09-29,false,false,6,,no,unknown,true
Bosch,Werkstudent im Bereich Software Quality Engineering / Software Testing (w/m/div.),"Gießen, Germany",https://jobs.smartrecruiters.com/BoschGroup/744000136441454,2026-09-28,SmartRecruiters,Germany,Gießen,big-tech,normal,smartrecruiters,2026-09-28,2026-07-08,2026-09-29,false,false,12,,no,unknown,true
Bosch,Prácticas en Calidad y Seguridad de Máquinas,"Madrid, Spain",https://jobs.smartrecruiters.com/BoschGroup/744000136390399,2026-09-28,SmartRecruiters,Spain,Madrid,big-tech,normal,smartrecruiters,2026-09-28,2026-07-08,2026-09-29,false,false,,,unknown,unknown,true
Bosch,Pflichtpraktikum im Bereich Technischer Service / Instandhaltung,"Bühl, Germany",https://jobs.smartrecruiters.com/BoschGroup/744000136200339,2026-09-28,SmartRecruiters,Germany,Bühl,big-tech,normal,smartrecruiters,2026-09-28,2026-07-07,2026-09-29,false,false,6,,no,unknown,true
Bosch,Werkstudent in der technischen Kommunikation (w/m/div.),"Stuttgart, Germany",https://jobs.smartrecruiters.com/BoschGroup/744000136194219,2026-09-28,SmartRecruiters,Germany,Stuttgart,big-tech,normal,smartrecruiters,2026-09-28,2026-07-07,2026-09-29,false,false,6,sep,no,unknown,true
Bosch,Praktikum Strategische Organisationsentwicklung und Change Management,"Lohr am Main, Germany",https://jobs.smartrecruiters.com/BoschGroup/744000136174158,2026-09-28,SmartRecruiters,Germany,Lohr am Main,big-tech,normal,smartrecruiters,2026-09-28,2026-07-07,2026-09-29,false,false,5,,no,unknown,true
Bosch,Pflichtpraktikum im Vertrieb - Key-Account-Bereich für Mercedes-Benz,"Stuttgart, Germany",https://jobs.smartrecruiters.com/BoschGroup/744000136171236,2026-09-28,SmartRecruiters,Germany,Stuttgart,big-tech,normal,smartrecruiters,2026-09-28,2026-07-07,2026-09-29,false,false,6,,no,unknown,true
Bosch,"Pflichtpraktikum Product Compliance and Environment, Health and Safety ","Würzburg, Germany",https://jobs.smartrecruiters.com/BoschGroup/744000135991630,2026-09-28,SmartRecruiters,Germany,Würzburg,big-tech,normal,smartrecruiters,2026-09-28,2026-07-06,2026-09-29,false,false,12,,no,unknown,true
Bosch,Pflichtpraktikum HR Digital Content Management,"Gerlingen, Germany",https://jobs.smartrecruiters.com/BoschGroup/744000135969050,2026-09-28,SmartRecruiters,Germany,Gerlingen,big-tech,normal,smartrecruiters,2026-09-28,2026-07-06,2026-09-29,false,false,6,,no,unknown,true
Bosch,Werkstudent im Bereich technisches Zeichnen (w/m/div.),"Cologne, Germany",https://jobs.smartrecruiters.com/BoschGroup/744000135754989,2026-09-28,SmartRecruiters,Germany,Cologne,big-tech,normal,smartrecruiters,2026-09-28,2026-07-03,2026-09-29,false,false,12,,no,unknown,true
Bosch,Praktikum Versuche und Berechnungen im Bereich Wälzermüdung und Tribologie,"Renningen, Germany",https://jobs.smartrecruiters.com/BoschGroup/744000135725022,2026-09-28,SmartRecruiters,Germany,Renningen,big-tech,normal,smartrecruiters,2026-09-28,2026-07-03,2026-09-29,false,false,3,,unknown,any,true
Bosch,Praktikum IT-Entwicklung Connected Truck Parking,"Frankfurt, Germany",https://jobs.smartrecruiters.com/BoschGroup/744000135687630,2026-09-28,SmartRecruiters,Germany,Frankfurt,big-tech,normal,smartrecruiters,2026-09-28,2026-07-03,2026-09-29,false,false,6,,no,unknown,true
Bosch,Praktikum im Projektmanagement - Sondermaschinenbau,"Stuttgart, Germany",https://jobs.smartrecruiters.com/BoschGroup/744000135478572,2026-09-28,SmartRecruiters,Germany,Stuttgart,big-tech,normal,smartrecruiters,2026-09-28,2026-07-02,2026-09-29,false,false,3,,unknown,unknown,true
Bosch,Praktikum im Bereich Sales & Market Intelligence ,"Ulm, Germany",https://jobs.smartrecruiters.com/BoschGroup/744000135418960,2026-09-28,SmartRecruiters,Germany,Ulm,big-tech,normal,smartrecruiters,2026-09-28,2026-07-02,2026-09-29,false,false,6,,no,unknown,true
Bosch,Praktikum im Bereich Sales & Market Intelligence ,"Lohr am Main, Germany",https://jobs.smartrecruiters.com/BoschGroup/744000135406429,2026-09-28,SmartRecruiters,Germany,Lohr am Main,big-tech,normal,smartrecruiters,2026-09-28,2026-07-02,2026-09-29,false,false,6,,no,unknown,true
Bosch,Werkstudent im Bereich Integrationstests (w/m/div.),"Erbach, Germany",https://jobs.smartrecruiters.com/BoschGroup/744000135223499,2026-09-28,SmartRecruiters,Germany,Erbach,big-tech,normal,smartrecruiters,2026-09-28,2026-07-01,2026-09-29,false,false,6,,no,unknown,true
Bosch,Werkstudent S/4HANA Project Management Office (w/m/div.) ,"Immenstadt im Allgäu, Germany",https://jobs.smartrecruiters.com/BoschGroup/744000135208079,2026-09-28,SmartRecruiters,Germany,Immenstadt im Allgäu,big-tech,normal,smartrecruiters,2026-09-28,2026-07-01,2026-09-29,false,false,6,,no,unknown,true
Bosch,Praktikum Data & AI Solutions im industriellen Sondermaschinenbau,"Immenstadt im Allgäu, Germany",https://jobs.smartrecruiters.com/BoschGroup/744000135168409,2026-09-28,SmartRecruiters,Germany,Immenstadt im Allgäu,big-tech,normal,smartrecruiters,2026-09-28,2026-07-01,2026-09-29,false,false,6,,no,unknown,true
Bosch,Praktikum im Sondermaschinenbau,"Immenstadt im Allgäu, Germany",https://jobs.smartrecruiters.com/BoschGroup/744000135165389,2026-09-28,SmartRecruiters,Germany,Immenstadt im Allgäu,big-tech,normal,smartrecruiters,2026-09-28,2026-07-01,2026-09-29,false,false,5,,no,unknown,true
Bosch,Praktikum in der Entwicklung eines Simulations-Tools zur Optimierung der Dynamik und Akustik in Hydrostaten                     ,"Horb am Neckar, Germany",https://jobs.smartrecruiters.com/BoschGroup/744000135018834,2026-09-28,SmartRecruiters,Germany,Horb am Neckar,big-tech,normal,smartrecruiters,2026-09-28,2026-06-30,2026-09-29,false,false,5,sep,no,unknown,true
Bosch,Werkstudent Projektleitung für IC Entwicklung (w/m/div.),"Reutlingen, Germany",https://jobs.smartrecruiters.com/BoschGroup/744000134983169,2026-09-28,SmartRecruiters,Germany,Reutlingen,big-tech,normal,smartrecruiters,2026-09-28,2026-06-30,2026-09-29,false,false,6,,no,unknown,true
Bosch, Pflichtpraktikum für Digitalisierungsprojekte im Fertigungsumfeld,"Immenstadt im Allgäu, Germany",https://jobs.smartrecruiters.com/BoschGroup/744000134982764,2026-09-28,SmartRecruiters,Germany,Immenstadt im Allgäu,big-tech,normal,smartrecruiters,2026-09-28,2026-06-30,2026-09-29,false,false,6,,no,unknown,true
Bosch,Pflichtpraktikum in Media Relations  ,"Gerlingen, Germany",https://jobs.smartrecruiters.com/BoschGroup/744000134825889,2026-09-28,SmartRecruiters,Germany,Gerlingen,big-tech,normal,smartrecruiters,2026-09-28,2026-06-29,2026-09-29,false,false,6,aug,no,unknown,true
Bosch,Pflichtpraktikum in der Entwicklung von DC- und EC-Motoren für elektrische Bremsregelsysteme,"Bühl, Germany",https://jobs.smartrecruiters.com/BoschGroup/744000134786239,2026-09-28,SmartRecruiters,Germany,Bühl,big-tech,normal,smartrecruiters,2026-09-28,2026-06-29,2026-09-29,false,false,5,oct,no,unknown,true
Bosch,Praktikum im Sondermaschinenbau - Bereich Konstruktion,"Stuttgart, Germany",https://jobs.smartrecruiters.com/BoschGroup/744000134771507,2026-09-28,SmartRecruiters,Germany,Stuttgart,big-tech,normal,smartrecruiters,2026-09-28,2026-06-29,2026-09-29,false,false,6,,no,unknown,true
Bosch,Prácticas Dpto. RRHH- Área Selección_Bosch Aranjuez,"Aranjuez, Spain",https://jobs.smartrecruiters.com/BoschGroup/744000134734270,2026-09-28,SmartRecruiters,Spain,Aranjuez,big-tech,normal,smartrecruiters,2026-09-28,2026-06-29,2026-09-29,false,false,,,unknown,unknown,true
Bosch,"Praktikum in der Fertigungsplanung - Montage, Hydraulische Prüfung, Lackieren","Elchingen, Germany",https://jobs.smartrecruiters.com/BoschGroup/744000134444186,2026-09-28,SmartRecruiters,Germany,Elchingen,big-tech,normal,smartrecruiters,2026-09-28,2026-06-26,2026-09-29,false,false,4,,unknown,unknown,true
Bosch,Praktikum im Bereich Electronic Services,"Karlsruhe, Germany",https://jobs.smartrecruiters.com/BoschGroup/744000134229319,2026-09-28,SmartRecruiters,Germany,Karlsruhe,big-tech,normal,smartrecruiters,2026-09-28,2026-06-25,2026-09-29,false,false,6,,no,unknown,true
Bosch,Pflichtpraktikum im Change Management & Organisationsentwicklung,"Stuttgart, Germany",https://jobs.smartrecruiters.com/BoschGroup/744000133548872,2026-09-28,SmartRecruiters,Germany,Stuttgart,big-tech,normal,smartrecruiters,2026-09-28,2026-06-23,2026-09-29,false,false,5,,no,unknown,true
Bosch,Praktikum in der Film- und Videokommunikation,"Stuttgart, Germany",https://jobs.smartrecruiters.com/BoschGroup/744000133504109,2026-09-28,SmartRecruiters,Germany,Stuttgart,big-tech,normal,smartrecruiters,2026-09-28,2026-06-23,2026-09-29,false,false,6,,no,unknown,true
Bosch,Pflichtpraktikum im Bereich Konzernstrategie,"Gerlingen, Germany",https://jobs.smartrecruiters.com/BoschGroup/744000133013224,2026-09-28,SmartRecruiters,Germany,Gerlingen,big-tech,normal,smartrecruiters,2026-09-28,2026-06-19,2026-09-29,false,false,3,,unknown,unknown,true
Bosch,Extracurricular Internship in Health and Safety at Work (f/m/div.),"Braga, Portugal",https://jobs.smartrecruiters.com/BoschGroup/744000132896914,2026-09-28,SmartRecruiters,Portugal,Braga,big-tech,normal,smartrecruiters,2026-09-28,2026-06-18,2026-09-29,false,false,,,unknown,unknown,true
Bosch,Praktikum in der Technologieentwicklung,"Elchingen, Germany",https://jobs.smartrecruiters.com/BoschGroup/744000132819605,2026-09-28,SmartRecruiters,Germany,Elchingen,big-tech,normal,smartrecruiters,2026-09-28,2026-06-18,2026-09-29,false,false,6,,no,unknown,true
Bosch,Sales & Project Management Internship,"Turin, Italy",https://jobs.smartrecruiters.com/BoschGroup/744000132820909,2026-09-28,SmartRecruiters,Italy,Turin,big-tech,normal,smartrecruiters,2026-09-28,2026-06-18,2026-09-29,false,false,6,,no,masters,true
Bosch,Pflichtpraktikum in der Führungskräfteentwicklung,"Gerlingen, Germany",https://jobs.smartrecruiters.com/BoschGroup/744000132629700,2026-09-28,SmartRecruiters,Germany,Gerlingen,big-tech,normal,smartrecruiters,2026-09-28,2026-06-17,2026-09-29,false,false,6,,no,unknown,true
Bosch,Mandatory Internship in Automation of Process Development with Agentic AI in Manufacturing,"Renningen, Germany",https://jobs.smartrecruiters.com/BoschGroup/744000132590903,2026-09-28,SmartRecruiters,Germany,Renningen,big-tech,normal,smartrecruiters,2026-09-28,2026-06-17,2026-09-29,false,false,6,,no,unknown,true
Bosch,Werkstudent*in in der Hardware-Prototypenentwicklung und -entwicklung (w/m/div.),"Kusterdingen, Germany",https://jobs.smartrecruiters.com/BoschGroup/744000132194761,2026-09-28,SmartRecruiters,Germany,Kusterdingen,big-tech,normal,smartrecruiters,2026-09-28,2026-06-15,2026-09-29,false,false,6,,no,unknown,true
Bosch,Working Student in Hardware Prototyping & Development ,"Kusterdingen, Germany",https://jobs.smartrecruiters.com/BoschGroup/744000132192802,2026-09-28,SmartRecruiters,Germany,Kusterdingen,big-tech,normal,smartrecruiters,2026-09-28,2026-06-15,2026-09-29,false,false,6,,no,unknown,true
Bosch,Praktikum im Produktmanagement,"Frankfurt, Germany",https://jobs.smartrecruiters.com/BoschGroup/744000131836934,2026-09-28,SmartRecruiters,Germany,Frankfurt,big-tech,normal,smartrecruiters,2026-09-28,2026-06-12,2026-09-29,false,false,6,,no,unknown,true
Bosch,Pflichtpraktikum Logistik,"Immenstadt im Allgäu, Germany",https://jobs.smartrecruiters.com/BoschGroup/744000131636512,2026-09-28,SmartRecruiters,Germany,Immenstadt im Allgäu,big-tech,normal,smartrecruiters,2026-09-28,2026-06-11,2026-09-29,false,false,6,,no,unknown,true
Bosch,Praktikum Lean-Management - Bosch Produktionssystem,"Lohr am Main, Germany",https://jobs.smartrecruiters.com/BoschGroup/744000131415599,2026-09-28,SmartRecruiters,Germany,Lohr am Main,big-tech,normal,smartrecruiters,2026-09-28,2026-06-10,2026-09-29,false,false,5,,no,unknown,true
Bosch,Praktikum im Bereich Werkslogistik Informationsfluss - remote möglich,"Lohr am Main, Germany",https://jobs.smartrecruiters.com/BoschGroup/744000131126209,2026-09-28,SmartRecruiters,Germany,Lohr am Main,big-tech,normal,smartrecruiters,2026-09-28,2026-06-09,2026-09-29,false,false,6,,no,unknown,true
Bosch,Praktikum in der Prozessentwicklung und -überwachung beim Laserstrahlschweißen,"Stuttgart, Germany",https://jobs.smartrecruiters.com/BoschGroup/744000130376990,2026-09-28,SmartRecruiters,Germany,Stuttgart,big-tech,normal,smartrecruiters,2026-09-28,2026-06-05,2026-09-29,false,false,6,,no,unknown,true
Bosch,Pflichtpraktikum im Bereich Social Media und digitale Kommunikation,"Schwieberdingen, Germany",https://jobs.smartrecruiters.com/BoschGroup/744000130169080,2026-09-28,SmartRecruiters,Germany,Schwieberdingen,big-tech,normal,smartrecruiters,2026-09-28,2026-06-04,2026-09-29,false,false,6,,no,unknown,true
Bosch,Stagiaire Méthodes Maintenance (H/F/D),"Vénissieux, France",https://jobs.smartrecruiters.com/BoschGroup/744000129974154,2026-09-28,SmartRecruiters,France,Vénissieux,big-tech,normal,smartrecruiters,2026-09-28,2026-06-03,2026-09-29,false,false,8,,no,unknown,true
Bosch,Praktikum Brandschutz und Gefahrenabwehr,"Dresden, Germany",https://jobs.smartrecruiters.com/BoschGroup/744000129692233,2026-09-28,SmartRecruiters,Germany,Dresden,big-tech,normal,smartrecruiters,2026-09-28,2026-06-02,2026-09-29,false,false,6,sep,no,unknown,true
Bosch,Pflichtpraktikum im strategischen Einkauf – Passive Elektronik,"Stuttgart, Germany",https://jobs.smartrecruiters.com/BoschGroup/744000129448002,2026-09-28,SmartRecruiters,Germany,Stuttgart,big-tech,normal,smartrecruiters,2026-09-28,2026-06-01,2026-09-29,false,false,6,,no,unknown,true
Bosch,Praktikum im Einkauf eBike - Projektmanagement,"Reutlingen, Germany",https://jobs.smartrecruiters.com/BoschGroup/744000129131619,2026-09-28,SmartRecruiters,Germany,Reutlingen,big-tech,normal,smartrecruiters,2026-09-28,2026-05-29,2026-09-29,false,false,6,,no,unknown,true
Bosch,Pflichtpraktikum in der Unternehmenskommunikation mit Schwerpunkt Redaktion ,"Renningen, Germany",https://jobs.smartrecruiters.com/BoschGroup/744000129126850,2026-09-28,SmartRecruiters,Germany,Renningen,big-tech,normal,smartrecruiters,2026-09-28,2026-05-29,2026-09-29,false,false,6,,no,unknown,true
Bosch,Pflichtpraktikum in der Fertigungsplanung,"Bietigheim-Bissingen, Germany",https://jobs.smartrecruiters.com/BoschGroup/744000128884461,2026-09-28,SmartRecruiters,Germany,Bietigheim-Bissingen,big-tech,normal,smartrecruiters,2026-09-28,2026-05-28,2026-09-29,false,false,3,,unknown,unknown,true
Bosch,Praktikum Scrum-Master im Agilen Team,"Stuttgart, Germany",https://jobs.smartrecruiters.com/BoschGroup/744000128553559,2026-09-28,SmartRecruiters,Germany,Stuttgart,big-tech,normal,smartrecruiters,2026-09-28,2026-05-26,2026-09-29,false,false,6,,no,unknown,true
Bosch,Prácticas Dpto. Logística - área planificación_Bosch Aranjuez,"Aranjuez, Spain",https://jobs.smartrecruiters.com/BoschGroup/744000128487538,2026-09-28,SmartRecruiters,Spain,Aranjuez,big-tech,normal,smartrecruiters,2026-09-28,2026-05-26,2026-09-29,false,false,,,unknown,unknown,true
Bosch,Praktikum Hydraulic Power Steering - Wind-Down,"Schwäbisch Gmünd, Germany",https://jobs.smartrecruiters.com/BoschGroup/744000128473269,2026-09-28,SmartRecruiters,Germany,Schwäbisch Gmünd,big-tech,normal,smartrecruiters,2026-09-28,2026-05-26,2026-09-29,false,false,6,,no,unknown,true
Bosch,Prácticas Dpto.Compras Directas,"Aranjuez, Spain",https://jobs.smartrecruiters.com/BoschGroup/744000128452635,2026-09-28,SmartRecruiters,Spain,Aranjuez,big-tech,normal,smartrecruiters,2026-09-28,2026-05-26,2026-09-29,false,false,,,unknown,unknown,true
Bosch,Pflichtpraktikum im Einkauf – Schwerpunkt internationale Beschaffung mechanischer Teile,"Stuttgart, Germany",https://jobs.smartrecruiters.com/BoschGroup/744000127664650,2026-09-28,SmartRecruiters,Germany,Stuttgart,big-tech,normal,smartrecruiters,2026-09-28,2026-05-21,2026-09-29,false,false,6,,no,unknown,true
Bosch,Pflichtpraktikum im Bereich Fahrzeugtest - Fahrerassistenzsysteme,"Renningen, Germany",https://jobs.smartrecruiters.com/BoschGroup/744000127625449,2026-09-28,SmartRecruiters,Germany,Renningen,big-tech,normal,smartrecruiters,2026-09-28,2026-05-21,2026-09-29,false,false,6,,no,unknown,true
Bosch,Prácticas en Comunicación (Bosch Aranjuez),"Aranjuez, Spain",https://jobs.smartrecruiters.com/BoschGroup/744000127229313,2026-09-28,SmartRecruiters,Spain,Aranjuez,big-tech,normal,smartrecruiters,2026-09-28,2026-05-19,2026-09-29,false,false,,,unknown,unknown,true
Bosch,Werkstudent Standardisierung Produktionsabläufe (w/m/div.) ,"Lohr am Main, Germany",https://jobs.smartrecruiters.com/BoschGroup/744000126325714,2026-09-28,SmartRecruiters,Germany,Lohr am Main,big-tech,normal,smartrecruiters,2026-09-28,2026-05-13,2026-09-29,false,false,6,,no,unknown,true
Bosch,Pflichtpraktikum im Human Resources,"Schwieberdingen, Germany",https://jobs.smartrecruiters.com/BoschGroup/744000126032800,2026-09-28,SmartRecruiters,Germany,Schwieberdingen,big-tech,normal,smartrecruiters,2026-09-28,2026-05-12,2026-09-29,false,false,4,,unknown,unknown,true
Bosch,Praktikum oder Masterarbeit im Bereich Modellierung und Simulation von Hochdruck Hydraulikpumpen,"Horb am Neckar, Germany",https://jobs.smartrecruiters.com/BoschGroup/744000126023569,2026-09-28,SmartRecruiters,Germany,Horb am Neckar,big-tech,normal,smartrecruiters,2026-09-28,2026-05-12,2026-09-29,false,false,4,may,yes,unknown,true
Bosch,Praktikum in der Entwicklung von Luft-Wasser-Wärmepumpen,"Wernau (Neckar), Germany",https://jobs.smartrecruiters.com/BoschGroup/744000125259459,2026-09-28,SmartRecruiters,Germany,Wernau (Neckar),big-tech,normal,smartrecruiters,2026-09-28,2026-05-08,2026-09-29,false,false,6,,no,unknown,true
Bosch,Pflichtpraktikum in der Entwicklung und Konstruktion,"Bietigheim-Bissingen, Germany",https://jobs.smartrecruiters.com/BoschGroup/744000124642375,2026-09-28,SmartRecruiters,Germany,Bietigheim-Bissingen,big-tech,normal,smartrecruiters,2026-09-28,2026-05-05,2026-09-29,false,false,6,aug,no,unknown,true
Bosch,Pflichtpraktikum im Operativen Sicherheitsmanagement,"Renningen, Germany",https://jobs.smartrecruiters.com/BoschGroup/744000122399669,2026-09-28,SmartRecruiters,Germany,Renningen,big-tech,normal,smartrecruiters,2026-09-28,2026-04-23,2026-09-29,false,false,6,sep,no,unknown,true
Bosch,Internship Key User Document Control  ,"Tienen, Belgium",https://jobs.smartrecruiters.com/BoschGroup/744000120651742,2026-09-28,SmartRecruiters,Belgium,Tienen,big-tech,normal,smartrecruiters,2026-09-28,2026-04-14,2026-09-29,false,false,4,sep,no,unknown,true
Bosch,Prácticas Dpto. Producción de Plásticos i4.0 Digitalización,"Aranjuez, Spain",https://jobs.smartrecruiters.com/BoschGroup/744000119581256,2026-09-28,SmartRecruiters,Spain,Aranjuez,big-tech,normal,smartrecruiters,2026-09-28,2026-04-09,2026-09-29,false,false,,,unknown,unknown,true
Bosch,Prácticas Ing. de Mto. útiles. inyección componentes automoción (TEF2),"Aranjuez, Spain",https://jobs.smartrecruiters.com/BoschGroup/744000119580956,2026-09-28,SmartRecruiters,Spain,Aranjuez,big-tech,normal,smartrecruiters,2026-09-28,2026-04-09,2026-09-29,false,false,,,unknown,unknown,true
Bosch,Prácticas Ingeniería Mantenimiento maquinaria de fabricación componentes automoción (TEF3),"Aranjuez, Spain",https://jobs.smartrecruiters.com/BoschGroup/744000119579004,2026-09-28,SmartRecruiters,Spain,Aranjuez,big-tech,normal,smartrecruiters,2026-09-28,2026-04-09,2026-09-29,false,false,,,unknown,unknown,true
Bosch,Prácticas Ingeniería I+D Filtración y electrificación en automoción,"Aranjuez, Spain",https://jobs.smartrecruiters.com/BoschGroup/744000119578574,2026-09-28,SmartRecruiters,Spain,Aranjuez,big-tech,normal,smartrecruiters,2026-09-28,2026-04-09,2026-09-29,false,false,,,unknown,unknown,true
Bosch,Prácticas Ing. Fabricación Filtros (MOE2),"Aranjuez, Spain",https://jobs.smartrecruiters.com/BoschGroup/744000119578755,2026-09-28,SmartRecruiters,Spain,Aranjuez,big-tech,normal,smartrecruiters,2026-09-28,2026-04-09,2026-09-29,false,false,,,unknown,unknown,true
Bosch,Prácticas Ing. Fabricación e Inyección Plásticos (MOE1),"Aranjuez, Spain",https://jobs.smartrecruiters.com/BoschGroup/744000119578697,2026-09-28,SmartRecruiters,Spain,Aranjuez,big-tech,normal,smartrecruiters,2026-09-28,2026-04-09,2026-09-29,false,false,,,unknown,unknown,true
Bosch,Estudiante en Prácticas Departamento HRL1,"Madrid, Spain",https://jobs.smartrecruiters.com/BoschGroup/744000119332487,2026-09-28,SmartRecruiters,Spain,Madrid,big-tech,normal,smartrecruiters,2026-09-28,2026-04-08,2026-09-29,false,false,6,,no,unknown,true
Bosch,Graduate Specialist Program (Trainee) - Technischer Vertrieb Connected Hydraulics,"Lohr am Main, Germany",https://jobs.smartrecruiters.com/BoschGroup/744000118354728,2026-09-28,SmartRecruiters,Germany,Lohr am Main,big-tech,normal,smartrecruiters,2026-09-28,2026-04-02,2026-09-29,false,false,18,,no,masters,true
Bosch,Internship in the area of Communications,"Tienen, Belgium",https://jobs.smartrecruiters.com/BoschGroup/744000116443133,2026-09-28,SmartRecruiters,Belgium,Tienen,big-tech,normal,smartrecruiters,2026-09-28,2026-03-24,2026-09-29,false,false,,,unknown,unknown,true
Bosch,Estudiante en prácticas de Industria 4.0 y digitalización,"Madrid, Spain",https://jobs.smartrecruiters.com/BoschGroup/744000110335619,2026-09-28,SmartRecruiters,Spain,Madrid,big-tech,normal,smartrecruiters,2026-09-28,2026-02-20,2026-09-29,false,false,6,,no,unknown,true
Bosch,Prácticas en Ingenieria Informatica - Bosch Manufacturing Solutions,"Madrid, Spain",https://jobs.smartrecruiters.com/BoschGroup/744000107260840,2026-09-28,SmartRecruiters,Spain,Madrid,big-tech,normal,smartrecruiters,2026-09-28,2026-02-04,2026-09-29,false,false,,,unknown,unknown,true
Bosch,Praktikum Datenanalyse und Softwaremonitoring,"Stuttgart, Germany",https://jobs.smartrecruiters.com/BoschGroup/744000104910695,2026-09-28,SmartRecruiters,Germany,Stuttgart,big-tech,normal,smartrecruiters,2026-09-28,2026-01-22,2026-09-29,false,false,6,,no,masters,true
Bosch,Estudiante en prácticas –  departamento de producción (MSS1.5),"Madrid, Spain",https://jobs.smartrecruiters.com/BoschGroup/744000099188695,2026-09-28,SmartRecruiters,Spain,Madrid,big-tech,normal,smartrecruiters,2026-09-28,2025-12-16,2026-09-29,false,false,6,,no,unknown,true
Bosch,Estudiante en prácticas - departamento de producción MSS1,"Madrid, Spain",https://jobs.smartrecruiters.com/BoschGroup/744000099181336,2026-09-28,SmartRecruiters,Spain,Madrid,big-tech,normal,smartrecruiters,2026-09-28,2025-12-16,2026-09-29,false,false,6,,no,unknown,true
Bosch,Estudiantes en prácticas – departamento de TEF7.2 (Funciones Tecnicas),"Madrid, Spain",https://jobs.smartrecruiters.com/BoschGroup/744000099179163,2026-09-28,SmartRecruiters,Spain,Madrid,big-tech,normal,smartrecruiters,2026-09-28,2025-12-16,2026-09-29,false,false,6,,no,unknown,true
Bosch,Estudiante en prácticas - Fabricación de componentes electrónicos para automoción - TEF6,"Madrid, Spain",https://jobs.smartrecruiters.com/BoschGroup/744000099179046,2026-09-28,SmartRecruiters,Spain,Madrid,big-tech,normal,smartrecruiters,2026-09-28,2025-12-16,2026-09-29,false,false,6,,no,unknown,true
Bosch,Estudiante en prácticas – departamento de producción (MSS4_USS),"Madrid, Spain",https://jobs.smartrecruiters.com/BoschGroup/744000099180618,2026-09-28,SmartRecruiters,Spain,Madrid,big-tech,normal,smartrecruiters,2026-09-28,2025-12-16,2026-09-29,false,false,6,,no,unknown,true
Bosch,Estudiante en prácticas – Departamento de TEF8.5,"Madrid, Spain",https://jobs.smartrecruiters.com/BoschGroup/744000099180696,2026-09-28,SmartRecruiters,Spain,Madrid,big-tech,normal,smartrecruiters,2026-09-28,2025-12-16,2026-09-29,false,false,6,,no,unknown,true
Bosch,Internship Plant Controlling,"Tienen, Belgium",https://jobs.smartrecruiters.com/BoschGroup/744000097253380,2026-09-28,SmartRecruiters,Belgium,Tienen,big-tech,normal,smartrecruiters,2026-09-28,2025-12-05,2026-09-29,false,false,6,,no,unknown,true
Bosch,Prácticas Ingeniería i4.0 y BA fábrica componentes automoción,"Aranjuez, Spain",https://jobs.smartrecruiters.com/BoschGroup/744000088837515,2026-09-28,SmartRecruiters,Spain,Aranjuez,big-tech,normal,smartrecruiters,2026-09-28,2025-10-20,2026-09-29,false,false,,,unknown,unknown,true
Bosch,"Prácticas Ing. BA, i4.0 Dpto. Calidad ","Aranjuez, Spain",https://jobs.smartrecruiters.com/BoschGroup/744000088834280,2026-09-28,SmartRecruiters,Spain,Aranjuez,big-tech,normal,smartrecruiters,2026-09-28,2025-10-20,2026-09-29,false,false,,,unknown,unknown,true
Bosch,Estudiante en prácticas – Asistencia Calidad Proveedores M/PQA-RBEM,"Madrid, Spain",https://jobs.smartrecruiters.com/BoschGroup/744000053070120,2026-09-28,SmartRecruiters,Spain,Madrid,big-tech,normal,smartrecruiters,2026-09-28,2025-04-10,2026-09-29,false,false,6,,no,unknown,true
Bosch,Estudiante en prácticas –  Departamento de BMG2-ES/PAS ,"Madrid, Spain",https://jobs.smartrecruiters.com/BoschGroup/744000050988123,2026-09-28,SmartRecruiters,Spain,Madrid,big-tech,normal,smartrecruiters,2026-09-28,2025-03-31,2026-09-29,false,false,6,,no,unknown,true
Bosch,      Estudiante en prácticas - departamento MSE2,"Madrid, Spain",https://jobs.smartrecruiters.com/BoschGroup/744000046926735,2026-09-28,SmartRecruiters,Spain,Madrid,big-tech,normal,smartrecruiters,2026-09-28,2025-03-10,2026-09-29,false,false,6,,no,unknown,true
Bosch,Estudiante en prácticas – Departamento de QMM1 (Gestión de calidad),"Madrid, Spain",https://jobs.smartrecruiters.com/BoschGroup/744000046579535,2026-09-28,SmartRecruiters,Spain,Madrid,big-tech,normal,smartrecruiters,2026-09-28,2025-03-07,2026-09-29,false,false,6,,no,unknown,true
Bosch,Prácticas: Departamento de Ingeniería de Producción (MSS2-I) - Producción de sensores de airbag y aparcamiento,"Madrid, Spain",https://jobs.smartrecruiters.com/BoschGroup/744000038252816,2026-09-28,SmartRecruiters,Spain,Madrid,big-tech,normal,smartrecruiters,2026-09-28,2025-01-23,2026-09-29,false,false,6,,no,unknown,true
Bosch,Estudiante en Prácticas - Departamento de Calidad (ME/QMM-C2-RBEM),"Madrid, Spain",https://jobs.smartrecruiters.com/BoschGroup/744000038062386,2026-09-28,SmartRecruiters,Spain,Madrid,big-tech,normal,smartrecruiters,2026-09-28,2025-01-22,2026-09-29,false,false,6,,no,unknown,true
Bosch,Estudiante en prácticas - Departamento de TEF8.4 (Funciones Técnicas),"Madrid, Spain",https://jobs.smartrecruiters.com/BoschGroup/744000025286225,2026-09-28,SmartRecruiters,Spain,Madrid,big-tech,normal,smartrecruiters,2026-09-28,2024-11-07,2026-09-29,false,false,,,unknown,unknown,true
Bosch,Werkstudent im Bereich Data Protection Applications (w/m/div.),"Stuttgart, Germany",https://jobs.smartrecruiters.com/BoschGroup/743999976099242,2026-09-28,SmartRecruiters,Germany,Stuttgart,big-tech,normal,smartrecruiters,2026-09-28,2024-03-25,2026-09-29,false,false,6,,no,unknown,true
Bosch,Internship in the fields Manufacturing and Production planning,"Tienen, Belgium",https://jobs.smartrecruiters.com/BoschGroup/743999974132753,2026-09-28,SmartRecruiters,Belgium,Tienen,big-tech,normal,smartrecruiters,2026-09-28,2024-03-15,2026-09-29,false,false,,,unknown,unknown,true
Bosch,Internship Logistics,"Tienen, Belgium",https://jobs.smartrecruiters.com/BoschGroup/743999974127472,2026-09-28,SmartRecruiters,Belgium,Tienen,big-tech,normal,smartrecruiters,2026-09-28,2024-03-15,2026-09-29,false,false,6,,no,unknown,true
Bosch,Stage HSE H/F/N,"Drancy, France",https://jobs.smartrecruiters.com/BoschGroup/743999974089341,2026-09-28,SmartRecruiters,France,Drancy,big-tech,normal,smartrecruiters,2026-09-28,2024-03-15,2026-09-29,false,false,6,,no,unknown,true
Bosch,Estudiante en prácticas –  departamento de BMG-2ES/ENG4 (Industria 4.0) Ingeniería Eléctrica/Software,"Madrid, Spain",https://jobs.smartrecruiters.com/BoschGroup/743999919168993,2026-09-28,SmartRecruiters,Spain,Madrid,big-tech,normal,smartrecruiters,2026-09-28,2023-07-18,2026-09-29,false,false,,,unknown,unknown,true
Bosch,Estudiante en prácticas –  Departamento de RBEM/QMM2 (Gestión de calidad),"Madrid, Spain",https://jobs.smartrecruiters.com/BoschGroup/743999913022635,2026-09-28,SmartRecruiters,Spain,Madrid,big-tech,normal,smartrecruiters,2026-09-28,2023-06-14,2026-09-29,false,false,6,,no,unknown,true
Bosch,"Estudiantes en prácticas –  Departamento de BMG-2ES/SAL-SPB Sales, Project Management & Engineering","Madrid, Spain",https://jobs.smartrecruiters.com/BoschGroup/743999912684923,2026-09-28,SmartRecruiters,Spain,Madrid,big-tech,normal,smartrecruiters,2026-09-28,2023-06-12,2026-09-29,false,false,6,,no,unknown,true
Bosch,Estudiante en prácticas Departamento TEF8.3,"Madrid, Spain",https://jobs.smartrecruiters.com/BoschGroup/743999911653781,2026-09-28,SmartRecruiters,Spain,Madrid,big-tech,normal,smartrecruiters,2026-09-28,2023-06-07,2026-09-29,false,false,,,unknown,unknown,true
Bosch,Estudiantes en prácticas – departamento de BPS/Producción Bosch Production System,"Madrid, Spain",https://jobs.smartrecruiters.com/BoschGroup/743999909955143,2026-09-28,SmartRecruiters,Spain,Madrid,big-tech,normal,smartrecruiters,2026-09-28,2023-05-29,2026-09-29,false,false,6,,no,unknown,true
Bosch,Estudiante en prácticas – Departamento de logística LOW (control de entradas / almacén),"Madrid, Spain",https://jobs.smartrecruiters.com/BoschGroup/743999908538765,2026-09-28,SmartRecruiters,Spain,Madrid,big-tech,normal,smartrecruiters,2026-09-28,2023-05-22,2026-09-29,false,false,6,,no,unknown,true
Bosch,Estudiante en prácticas – departamento Recursos Humanos (Selección de personal),"Madrid, Spain",https://jobs.smartrecruiters.com/BoschGroup/743999906697295,2026-09-28,SmartRecruiters,Spain,Madrid,big-tech,normal,smartrecruiters,2026-09-28,2023-05-11,2026-09-29,false,false,,,unknown,unknown,true
Bosch,Estudiantes en prácticas – departamento de BMG-2ES/ENG2 Engineering Electrical and Software Systems,"Madrid, Spain",https://jobs.smartrecruiters.com/BoschGroup/743999906173083,2026-09-28,SmartRecruiters,Spain,Madrid,big-tech,normal,smartrecruiters,2026-09-28,2023-05-09,2026-09-29,false,false,6,,no,unknown,true
Bosch,Estudiante en prácticas –  Departamento de Logística LOM-T,"Madrid, Spain",https://jobs.smartrecruiters.com/BoschGroup/743999901710933,2026-09-28,SmartRecruiters,Spain,Madrid,big-tech,normal,smartrecruiters,2026-09-28,2023-04-24,2026-09-29,false,false,,,unknown,unknown,true
Bosch,Estudiante en prácticas - Departamento de Logística (ATMO-ES/PUL13),"Madrid, Spain",https://jobs.smartrecruiters.com/BoschGroup/743999901023682,2026-09-28,SmartRecruiters,Spain,Madrid,big-tech,normal,smartrecruiters,2026-09-28,2023-04-20,2026-09-29,false,false,6,,no,unknown,true
Bosch,Estudiantes en prácticas – Departamento de QMM-L (Gestión de calidad),"Madrid, Spain",https://jobs.smartrecruiters.com/BoschGroup/743999894786363,2026-09-28,SmartRecruiters,Spain,Madrid,big-tech,normal,smartrecruiters,2026-09-28,2023-03-23,2026-09-29,false,false,6,,no,unknown,true
Bosch,Estudiantes en prácticas –  departamento de BPS/Producción Bosch Production System –,"Madrid, Spain",https://jobs.smartrecruiters.com/BoschGroup/743999894786303,2026-09-28,SmartRecruiters,Spain,Madrid,big-tech,normal,smartrecruiters,2026-09-28,2023-03-23,2026-09-29,false,false,6,,no,unknown,true
Bosch,Estudiante en prácticas – Departamento de ATMO2-ES/EMP,"Madrid, Spain",https://jobs.smartrecruiters.com/BoschGroup/743999886743805,2026-09-28,SmartRecruiters,Spain,Madrid,big-tech,normal,smartrecruiters,2026-09-28,2023-02-16,2026-09-29,false,false,6,,no,unknown,true
Bosch,Estudiante en Prácticas_Departamento M/PQA2,"Madrid, Spain",https://jobs.smartrecruiters.com/BoschGroup/743999883741551,2026-09-28,SmartRecruiters,Spain,Madrid,big-tech,normal,smartrecruiters,2026-09-28,2023-02-06,2026-09-29,false,false,,,unknown,unknown,true
Bosch,Estudiante en Prácticas_ Logística (LOI1/LOI2),"Madrid, Spain",https://jobs.smartrecruiters.com/BoschGroup/743999880539901,2026-09-28,SmartRecruiters,Spain,Madrid,big-tech,normal,smartrecruiters,2026-09-28,2023-01-24,2026-09-29,false,false,6,,no,unknown,true
Bosch,Estudiante en prácticas – Departamento de Logística LOT,"Madrid, Spain",https://jobs.smartrecruiters.com/BoschGroup/743999863552206,2026-09-28,SmartRecruiters,Spain,Madrid,big-tech,normal,smartrecruiters,2026-09-28,2022-11-08,2026-09-29,false,false,6,nov,no,unknown,true
Bosch,Estudiante en Prácticas Departamento QMM (Calidad),"Madrid, Spain",https://jobs.smartrecruiters.com/BoschGroup/743999846886043,2026-09-28,SmartRecruiters,Spain,Madrid,big-tech,normal,smartrecruiters,2026-09-28,2022-08-23,2026-09-29,false,false,6,,no,unknown,true
Bosch,Estudiante en Prácticas Departamento ATMO-2ES/ENG4,"Madrid, Spain",https://jobs.smartrecruiters.com/BoschGroup/743999836749737,2026-09-28,SmartRecruiters,Spain,Madrid,big-tech,normal,smartrecruiters,2026-09-28,2022-07-05,2026-09-29,false,false,6,aug,no,unknown,true
Bosch,Internship in the Purchasing Project Management Department (M/PPE-WS10),"Tienen, Belgium",https://jobs.smartrecruiters.com/BoschGroup/743999833804247,2026-09-28,SmartRecruiters,Belgium,Tienen,big-tech,normal,smartrecruiters,2026-09-28,2022-06-20,2026-09-29,false,false,,,unknown,unknown,true
Bosch,Estudiante en prácticas_Departamento LOW (Logística),"Madrid, Spain",https://jobs.smartrecruiters.com/BoschGroup/743999820974623,2026-09-28,SmartRecruiters,Spain,Madrid,big-tech,normal,smartrecruiters,2026-09-28,2022-04-21,2026-09-29,false,false,,,unknown,unknown,true
Bosch,Estudiante en prácticas_Departamento TEF 7,"Madrid, Spain",https://jobs.smartrecruiters.com/BoschGroup/743999820386042,2026-09-28,SmartRecruiters,Spain,Madrid,big-tech,normal,smartrecruiters,2026-09-28,2022-04-19,2026-09-29,false,false,6,,no,unknown,true
Bosch,"Stagiaire Ingénieur, Développement Software","Vénissieux, France",https://jobs.smartrecruiters.com/BoschGroup/743999716387177,2026-09-28,SmartRecruiters,France,Vénissieux,big-tech,normal,smartrecruiters,2026-09-28,2020-07-30,2026-09-29,false,false,6,,no,unknown,true
Prima Assicurazioni,Talent Acquisition Intern,"Milan, Italy",https://jobs.eu.lever.co/prima/dfa040e4-cad3-4f8a-a527-6ff38002467e,2026-09-29,Lever,Italy,Milan,finance,high,lever,2026-09-29,2025-10-24,2026-09-29,false,false,6,,no,unknown,true
Amazon,IT Legal Intern,"Milan, Italy",https://www.amazon.jobs/en/jobs/10518435/it-legal-intern,2026-09-29,Amazon,Italy,Milan,big-tech,high,amazon,2026-09-29,2026-08-28,2026-09-29,false,false,6,nov,no,unknown,true
Amazon,Process Improvement Specialist Intern - 2027 ,"Rome, Italy",https://www.amazon.jobs/en/jobs/10559027/process-improvement-specialist-intern-2027,2026-09-29,Amazon,Italy,Rome,big-tech,high,amazon,2026-09-29,2026-09-24,2026-09-29,false,false,3,,unknown,unknown,true
Amazon,Process Improvement Specialist Intern - 2027,"Agognate, Italy",https://www.amazon.jobs/en/jobs/10559019/process-improvement-specialist-intern-2027,2026-09-29,Amazon,Italy,Agognate,big-tech,high,amazon,2026-09-29,2026-09-24,2026-09-29,false,false,3,jan,no,unknown,true
Amazon,Process Improvement Specialist Intern - 2027  ,"Milan, Italy",https://www.amazon.jobs/en/jobs/10558364/process-improvement-specialist-intern-2027,2026-09-29,Amazon,Italy,Milan,big-tech,high,amazon,2026-09-29,2026-09-23,2026-09-29,false,false,3,,unknown,unknown,true
Amazon,"Account Representative Intern, Early Career - 2027 ","Milan, Italy",https://www.amazon.jobs/en/jobs/10557553/account-representative-intern-early-career-2027,2026-09-29,Amazon,Italy,Milan,big-tech,high,amazon,2026-09-29,2026-09-23,2026-09-29,false,false,5,jan,no,any,true
Amazon,2027 Software Dev Engineer Intern - Italy,"Turin, Italy",https://www.amazon.jobs/en/jobs/10555867/2027-software-dev-engineer-intern-italy,2026-09-29,Amazon,Italy,Turin,big-tech,high,amazon,2026-09-29,2026-09-22,2026-09-29,true,false,,,unknown,any,true
Amazon,Operations Engineering Intern -  start date Q1 2027 ,"Milan, Italy",https://www.amazon.jobs/en/jobs/10541483/operations-engineering-intern-start-date-q1-2027,2026-09-29,Amazon,Italy,Milan,big-tech,high,amazon,2026-09-29,2026-09-15,2026-09-29,false,false,6,,no,any,true
Amazon,Operations Human Resources Partner Intern (6 Months) - 2027,"Agognate, Italy",https://www.amazon.jobs/en/jobs/10561398/operations-human-resources-partner-intern-6-months-2027,2026-09-29,Amazon,Italy,Agognate,big-tech,high,amazon,2026-09-29,2026-09-28,2026-09-29,false,false,6,jan,no,any,true
Amazon,Operations Human Resources Partner Intern (6 Months) - 2027,"Cividate Al Piano, Italy",https://www.amazon.jobs/en/jobs/10561403/operations-human-resources-partner-intern-6-months-2027,2026-09-29,Amazon,Italy,Cividate Al Piano,big-tech,high,amazon,2026-09-29,2026-09-28,2026-09-29,false,false,6,jan,no,any,true
Amazon,Operations Human Resources Partner Intern (6 Months) - 2027,"Torrazza, Italy",https://www.amazon.jobs/en/jobs/10560298/operations-human-resources-partner-intern-6-months-2027,2026-09-29,Amazon,Italy,Torrazza,big-tech,high,amazon,2026-09-29,2026-09-25,2026-09-29,false,false,6,jan,no,any,true
Amazon,Operations Human Resources Partner Intern (6 Months) - 2027,"Spilamberto, Italy",https://www.amazon.jobs/en/jobs/10561400/operations-human-resources-partner-intern-6-months-2027,2026-09-29,Amazon,Italy,Spilamberto,big-tech,high,amazon,2026-09-29,2026-09-28,2026-09-29,false,false,6,jan,no,any,true
Amazon,Operations Human Resources Partner Intern (6 Months) - 2027,"Pisa, Italy",https://www.amazon.jobs/en/jobs/10561402/operations-human-resources-partner-intern-6-months-2027,2026-09-29,Amazon,Italy,Pisa,big-tech,high,amazon,2026-09-29,2026-09-28,2026-09-29,false,false,6,jan,no,any,true
Amazon,Operations & Logistics Internship Campania - Talent Pool,"Arzano, Italy",https://www.amazon.jobs/en/jobs/10528414/operations-logistics-internship-campania-talent-pool,2026-09-29,Amazon,Italy,Arzano,big-tech,high,amazon,2026-09-29,2026-09-03,2026-09-29,false,false,3,jan,no,unknown,true
Amazon,Operations & Logistics Internship - Umbria,"Soccorso, Italy",https://www.amazon.jobs/en/jobs/10528500/operations-logistics-internship-umbria,2026-09-29,Amazon,Italy,Soccorso,big-tech,high,amazon,2026-09-29,2026-09-03,2026-09-29,false,false,3,jan,no,unknown,true
Amazon,Operations & Logistics Internship Emilia Romagna- Talent Pool,"Spilamberto, Italy",https://www.amazon.jobs/en/jobs/10484559/operations-logistics-internship-emilia-romagna-talent-pool,2026-09-29,Amazon,Italy,Spilamberto,big-tech,high,amazon,2026-09-29,2026-07-27,2026-09-29,false,false,3,jan,no,unknown,true
Amazon,Operations & Logistics Internship Piemonte - Talent Pool,"Torrazza, Italy",https://www.amazon.jobs/en/jobs/10484369/operations-logistics-internship-piemonte-talent-pool,2026-09-29,Amazon,Italy,Torrazza,big-tech,high,amazon,2026-09-29,2026-07-27,2026-09-29,false,false,3,jan,no,unknown,true
Amazon,Operations & Logistics Internship Lombardia - Talent Pool,"Casirate Dadda, Italy",https://www.amazon.jobs/en/jobs/10484409/operations-logistics-internship-lombardia-talent-pool,2026-09-29,Amazon,Italy,Casirate Dadda,big-tech,high,amazon,2026-09-29,2026-07-27,2026-09-29,false,false,3,jan,no,unknown,true
Amazon,Operations & Logistics Internship Sicilia ,"Palermo, Italy",https://www.amazon.jobs/en/jobs/10528563/operations-logistics-internship-sicilia,2026-09-29,Amazon,Italy,Palermo,big-tech,high,amazon,2026-09-29,2026-09-03,2026-09-29,false,false,3,jan,no,unknown,true
Amazon,Operations & Logistics Internship - Marche,"Jesi, Italy",https://www.amazon.jobs/en/jobs/10528444/operations-logistics-internship-marche,2026-09-29,Amazon,Italy,Jesi,big-tech,high,amazon,2026-09-29,2026-09-03,2026-09-29,false,false,3,jan,no,unknown,true
Amazon,Operations & Logistics Internship - Liguria ,"Genoa, Italy",https://www.amazon.jobs/en/jobs/10528443/operations-logistics-internship-liguria,2026-09-29,Amazon,Italy,Genoa,big-tech,high,amazon,2026-09-29,2026-09-03,2026-09-29,false,false,3,jan,no,unknown,true
Amazon,Operations & Logistics Internship Abruzzo - Talent Pool,"San Salvo, Italy",https://www.amazon.jobs/en/jobs/10484620/operations-logistics-internship-abruzzo-talent-pool,2026-09-29,Amazon,Italy,San Salvo,big-tech,high,amazon,2026-09-29,2026-07-27,2026-09-29,false,false,3,jan,no,unknown,true
Amazon,Operations & Logistics Internship Toscana,"Pisa, Italy",https://www.amazon.jobs/en/jobs/10528565/operations-logistics-internship-toscana,2026-09-29,Amazon,Italy,Pisa,big-tech,high,amazon,2026-09-29,2026-09-03,2026-09-29,false,false,3,jan,no,unknown,true
Amazon,Operations & Logistics Internship - Sardegna,"Cagliari, Italy",https://www.amazon.jobs/en/jobs/10528501/operations-logistics-internship-sardegna,2026-09-29,Amazon,Italy,Cagliari,big-tech,high,amazon,2026-09-29,2026-09-03,2026-09-29,false,false,3,jan,no,unknown,true
Amazon,Operations & Logistics Internship Friuli Venezia Giulia- Talent Pool,"Udine, Italy",https://www.amazon.jobs/en/jobs/10484579/operations-logistics-internship-friuli-venezia-giulia-talent-pool,2026-09-29,Amazon,Italy,Udine,big-tech,high,amazon,2026-09-29,2026-07-27,2026-09-29,false,false,3,jan,no,unknown,true
Amazon,Operations & Logistics Internship - Puglia,"Bitonto (ba), Italy",https://www.amazon.jobs/en/jobs/10528445/operations-logistics-internship-puglia,2026-09-29,Amazon,Italy,Bitonto (ba),big-tech,high,amazon,2026-09-29,2026-09-03,2026-09-29,false,false,3,jan,no,unknown,true
Amazon,Operations & Logistics Internship Veneto - Talent Pool,"Rovigo, Italy",https://www.amazon.jobs/en/jobs/10484489/operations-logistics-internship-veneto-talent-pool,2026-09-29,Amazon,Italy,Rovigo,big-tech,high,amazon,2026-09-29,2026-07-27,2026-09-29,false,false,3,jan,no,unknown,true
Amazon,Operations & Logistics Internship Lazio - Talent Pool,"Passo Corese, Italy",https://www.amazon.jobs/en/jobs/10484439/operations-logistics-internship-lazio-talent-pool,2026-09-29,Amazon,Italy,Passo Corese,big-tech,high,amazon,2026-09-29,2026-07-27,2026-09-29,false,false,3,jan,no,unknown,true
Amazon,Financial Analyst Intern 2027,"Clichy, France",https://www.amazon.jobs/en/jobs/10553540/financial-analyst-intern-2027,2026-09-29,Amazon,France,Clichy,big-tech,high,amazon,2026-09-29,2026-09-18,2026-09-29,false,false,6,,no,unknown,true
Amazon,Operations Engineering Intern -  start date Q2 2027 ,"Clichy, France",https://www.amazon.jobs/en/jobs/10541508/operations-engineering-intern-start-date-q2-2027,2026-09-29,Amazon,France,Clichy,big-tech,high,amazon,2026-09-29,2026-09-15,2026-09-29,false,false,6,,no,any,true
Amazon,Operations Intern - Région Sud - Start Date 2027,"Toulouse, France",https://www.amazon.jobs/en/jobs/10504848/operations-intern-region-sud-start-date-2027,2026-09-29,Amazon,France,Toulouse,big-tech,high,amazon,2026-09-29,2026-08-18,2026-09-29,false,false,6,,no,unknown,true
Amazon,"Account Representative Intern, Early Career - 2027","Clichy, France",https://www.amazon.jobs/en/jobs/10557604/account-representative-intern-early-career-2027,2026-09-29,Amazon,France,Clichy,big-tech,high,amazon,2026-09-29,2026-09-23,2026-09-29,false,false,5,,no,any,true
Amazon,Operations Intern - Région Nord - Start Date 2027,"Lille, France",https://www.amazon.jobs/en/jobs/10492799/operations-intern-region-nord-start-date-2027,2026-09-29,Amazon,France,Lille,big-tech,high,amazon,2026-09-29,2026-08-05,2026-09-29,false,false,6,,no,unknown,true
Amazon,Operations Intern - Île de France - Start Date 2027,"Paris, France",https://www.amazon.jobs/en/jobs/10504822/operations-intern-ile-de-france-start-date-2027,2026-09-29,Amazon,France,Paris,big-tech,high,amazon,2026-09-29,2026-08-18,2026-09-29,false,false,6,,no,unknown,true
Amazon,Account Representative Intern 6 months,"Berlin, Germany",https://www.amazon.jobs/en/jobs/10557497/account-representative-intern-6-months,2026-09-29,Amazon,Germany,Berlin,big-tech,high,amazon,2026-09-29,2026-09-23,2026-09-29,false,false,6,jan,no,any,true
Amazon,Process Improvement Specialist Intern - 2027  ,"Munich, Germany",https://www.amazon.jobs/en/jobs/10555801/process-improvement-specialist-intern-2027,2026-09-29,Amazon,Germany,Munich,big-tech,high,amazon,2026-09-29,2026-09-22,2026-09-29,false,false,3,,unknown,unknown,true
Amazon,2026 Software Dev Engineer Intern - Germany,"Berlin, Germany",https://www.amazon.jobs/en/jobs/3074226/2026-software-dev-engineer-intern-germany,2026-09-29,Amazon,Germany,Berlin,big-tech,high,amazon,2026-09-29,2025-09-05,2026-09-29,true,false,,,unknown,any,true
Amazon,"Account Representative Intern, Early Career - 2027","Munich, Germany",https://www.amazon.jobs/en/jobs/10557548/account-representative-intern-early-career-2027,2026-09-29,Amazon,Germany,Munich,big-tech,high,amazon,2026-09-29,2026-09-23,2026-09-29,false,false,5,jan,no,any,true
Amazon,Operations Human Resources Partner Intern (6 Months) - 2027,"Rheinberg, Germany",https://www.amazon.jobs/en/jobs/10554580/operations-human-resources-partner-intern-6-months-2027,2026-09-29,Amazon,Germany,Rheinberg,big-tech,high,amazon,2026-09-29,2026-09-21,2026-09-29,false,false,6,jan,no,any,true
Amazon,Operations Human Resources Partner Intern (6 Months) - 2027,"Grossenkneten, Germany",https://www.amazon.jobs/en/jobs/10554570/operations-human-resources-partner-intern-6-months-2027,2026-09-29,Amazon,Germany,Grossenkneten,big-tech,high,amazon,2026-09-29,2026-09-21,2026-09-29,false,false,6,jan,no,any,true
Amazon,Operations Human Resources Partner Intern (6 Months) - 2027,"Achim, Germany",https://www.amazon.jobs/en/jobs/10554566/operations-human-resources-partner-intern-6-months-2027,2026-09-29,Amazon,Germany,Achim,big-tech,high,amazon,2026-09-29,2026-09-21,2026-09-29,false,false,6,jan,no,any,true
Amazon,Operations Human Resources Partner Intern (6 Months) - 2027,"Graben, Germany",https://www.amazon.jobs/en/jobs/10554576/operations-human-resources-partner-intern-6-months-2027,2026-09-29,Amazon,Germany,Graben,big-tech,high,amazon,2026-09-29,2026-09-21,2026-09-29,false,false,6,jan,no,any,true
Amazon,Operations Human Resources Partner Intern (6 Months) - 2027,"Leipzig, Germany",https://www.amazon.jobs/en/jobs/10553670/operations-human-resources-partner-intern-6-months-2027,2026-09-29,Amazon,Germany,Leipzig,big-tech,high,amazon,2026-09-29,2026-09-18,2026-09-29,false,false,6,jan,no,any,true
Amazon,"2026 Applied Scientist Intern, Amazon University Talent Acquisition","Berlin, Germany",https://www.amazon.jobs/en/jobs/3115016/2026-applied-scientist-intern-amazon-university-talent-acquisition,2026-09-29,Amazon,Germany,Berlin,big-tech,high,amazon,2026-09-29,2025-10-24,2026-09-29,true,false,3,,unknown,masters,true
Amazon,Operations Engineering Intern -  start date Q3 2027 ,"Berlin, Germany",https://www.amazon.jobs/en/jobs/10541498/operations-engineering-intern-start-date-q3-2027,2026-09-29,Amazon,Germany,Berlin,big-tech,high,amazon,2026-09-29,2026-09-15,2026-09-29,false,false,6,,no,any,true
Amazon,Operations Engineering Intern -  start date Q1 2027 ,"Berlin, Germany",https://www.amazon.jobs/en/jobs/10541497/operations-engineering-intern-start-date-q1-2027,2026-09-29,Amazon,Germany,Berlin,big-tech,high,amazon,2026-09-29,2026-09-15,2026-09-29,false,false,6,,no,any,true
Amazon,Operations Human Resources Partner Intern (6 Months) - 2027,"Munich, Germany",https://www.amazon.jobs/en/jobs/10554575/operations-human-resources-partner-intern-6-months-2027,2026-09-29,Amazon,Germany,Munich,big-tech,high,amazon,2026-09-29,2026-09-21,2026-09-29,false,false,6,jan,no,any,true
Amazon,Operations Human Resources Partner Intern (6 Months) - 2027,"Kobern-gondorf, Germany",https://www.amazon.jobs/en/jobs/10554572/operations-human-resources-partner-intern-6-months-2027,2026-09-29,Amazon,Germany,Kobern-gondorf,big-tech,high,amazon,2026-09-29,2026-09-21,2026-09-29,false,false,6,jan,no,any,true
Amazon,Operations Human Resources Partner Intern (6 Months) - 2027,"Winsen (luhe), Germany",https://www.amazon.jobs/en/jobs/10554578/operations-human-resources-partner-intern-6-months-2027,2026-09-29,Amazon,Germany,Winsen (luhe),big-tech,high,amazon,2026-09-29,2026-09-21,2026-09-29,false,false,6,jan,no,any,true
Amazon,Operations Human Resources Partner Intern (6 Months) - 2027,"Frankenthal, Germany",https://www.amazon.jobs/en/jobs/10554582/operations-human-resources-partner-intern-6-months-2027,2026-09-29,Amazon,Germany,Frankenthal,big-tech,high,amazon,2026-09-29,2026-09-21,2026-09-29,false,false,6,jan,no,any,true
Amazon,Operations Human Resources Partner Intern (6 Months) - 2027,"Dortmund, Germany",https://www.amazon.jobs/en/jobs/10554581/operations-human-resources-partner-intern-6-months-2027,2026-09-29,Amazon,Germany,Dortmund,big-tech,high,amazon,2026-09-29,2026-09-21,2026-09-29,false,false,6,jan,no,any,true
Amazon,Praktikum im Bereich Logistik - Hof - Start 2027,"Gattendorf, Germany",https://www.amazon.jobs/en/jobs/10558914/praktikum-im-bereich-logistik-hof-start-2027,2026-09-29,Amazon,Germany,Gattendorf,big-tech,high,amazon,2026-09-29,2026-09-24,2026-09-29,false,false,3,jan,no,unknown,true
Amazon,Software Dev Engineer Internship - Embedded Development (Linux),"Dresden, Germany",https://www.amazon.jobs/en/jobs/3130528/software-dev-engineer-internship-embedded-development-linux,2026-09-29,Amazon,Germany,Dresden,big-tech,high,amazon,2026-09-29,2025-11-21,2026-09-29,true,false,5,,no,any,true
Amazon,Software Dev Engineer internship - Embedded Development,"Berlin, Germany",https://www.amazon.jobs/en/jobs/3134271/software-dev-engineer-internship-embedded-development,2026-09-29,Amazon,Germany,Berlin,big-tech,high,amazon,2026-09-29,2025-12-01,2026-09-29,true,false,3,,unknown,any,true
Amazon,MBA/MSc / MEng Leadership Internship 2027 Germany,"Leipzig, Germany",https://www.amazon.jobs/en/jobs/10554336/mba-msc-meng-leadership-internship-2027-germany,2026-09-29,Amazon,Germany,Leipzig,big-tech,high,amazon,2026-09-29,2026-09-21,2026-09-29,false,false,2.3,jun,yes,masters,true
Amazon,Data Center Engineering Operations - 2027 Internship ,"Västerås, Sweden",https://www.amazon.jobs/en/jobs/10561488/data-center-engineering-operations-2027-internship,2026-09-29,Amazon,Sweden,Västerås,big-tech,high,amazon,2026-09-29,2026-09-28,2026-09-29,false,false,,,unknown,any,true
Amazon,WHS Intern,"San Fernando De Henares, Spain",https://www.amazon.jobs/en/jobs/10541373/whs-intern,2026-09-29,Amazon,Spain,San Fernando De Henares,big-tech,high,amazon,2026-09-29,2026-09-15,2026-09-29,false,false,3,jan,no,unknown,true
Amazon,Legal Intern,"Madrid, Spain",https://www.amazon.jobs/en/jobs/10562103/legal-intern,2026-09-29,Amazon,Spain,Madrid,big-tech,high,amazon,2026-09-29,2026-09-28,2026-09-29,false,false,6,summer,no,masters,true
Amazon,Financial Analyst Intern 2027,"Madrid, Spain",https://www.amazon.jobs/en/jobs/10554530/financial-analyst-intern-2027,2026-09-29,Amazon,Spain,Madrid,big-tech,high,amazon,2026-09-29,2026-09-21,2026-09-29,false,false,6,,no,unknown,true
Amazon,Process Improvement Specialist Intern - 2027 ,"Barcelona, Spain",https://www.amazon.jobs/en/jobs/10559028/process-improvement-specialist-intern-2027,2026-09-29,Amazon,Spain,Barcelona,big-tech,high,amazon,2026-09-29,2026-09-24,2026-09-29,false,false,3,,unknown,unknown,true
Amazon,Process Improvement Specialist Intern - 2027,"Madrid, Spain",https://www.amazon.jobs/en/jobs/10555851/process-improvement-specialist-intern-2027,2026-09-29,Amazon,Spain,Madrid,big-tech,high,amazon,2026-09-29,2026-09-22,2026-09-29,false,false,3,,unknown,unknown,true
Amazon,Account Representative Intern 6 months,"Madrid, Spain",https://www.amazon.jobs/en/jobs/10557432/account-representative-intern-6-months,2026-09-29,Amazon,Spain,Madrid,big-tech,high,amazon,2026-09-29,2026-09-23,2026-09-29,false,false,6,jan,no,any,true
Amazon,2027 Software Dev Engineer Intern - Spain,"Madrid, Spain",https://www.amazon.jobs/en/jobs/10555855/2027-software-dev-engineer-intern-spain,2026-09-29,Amazon,Spain,Madrid,big-tech,high,amazon,2026-09-29,2026-09-22,2026-09-29,true,false,,,unknown,any,true
Amazon,"2026 Applied Scientist Intern, Amazon University Talent Acquisition","Barcelona, Spain",https://www.amazon.jobs/en/jobs/3120058/2026-applied-scientist-intern-amazon-university-talent-acquisition,2026-09-29,Amazon,Spain,Barcelona,big-tech,high,amazon,2026-09-29,2025-11-03,2026-09-29,true,false,3,,unknown,masters,true
Amazon,Operations Engineering Intern -  start date Q3 2027 ,"Barcelona, Spain",https://www.amazon.jobs/en/jobs/10537442/operations-engineering-intern-start-date-q3-2027,2026-09-29,Amazon,Spain,Barcelona,big-tech,high,amazon,2026-09-29,2026-09-11,2026-09-29,false,false,6,,no,any,true
Amazon,Operations Engineering Intern -  start date Q1 2027 ,"Barcelona, Spain",https://www.amazon.jobs/en/jobs/10537441/operations-engineering-intern-start-date-q1-2027,2026-09-29,Amazon,Spain,Barcelona,big-tech,high,amazon,2026-09-29,2026-09-11,2026-09-29,false,false,6,,no,any,true
Amazon,Operations Internship - Andalucía - Start 2027,"Seville, Spain",https://www.amazon.jobs/en/jobs/10506797/operations-internship-andalucia-start-2027,2026-09-29,Amazon,Spain,Seville,big-tech,high,amazon,2026-09-29,2026-08-19,2026-09-29,false,false,3,jan,no,unknown,true
Amazon,Operations Internship - Alicante - Start 2027,"Alicante, Spain",https://www.amazon.jobs/en/jobs/10506779/operations-internship-alicante-start-2027,2026-09-29,Amazon,Spain,Alicante,big-tech,high,amazon,2026-09-29,2026-08-19,2026-09-29,false,false,3,jan,no,unknown,true
Amazon,Operations Internship - Valladolid - Start 2027,"Valladolid, Spain",https://www.amazon.jobs/en/jobs/10512084/operations-internship-valladolid-start-2027,2026-09-29,Amazon,Spain,Valladolid,big-tech,high,amazon,2026-09-29,2026-08-24,2026-09-29,false,false,3,jan,no,unknown,true
Amazon,Operations Internship - Asturias - Start 2027,"Siero, Spain",https://www.amazon.jobs/en/jobs/10507943/operations-internship-asturias-start-2027,2026-09-29,Amazon,Spain,Siero,big-tech,high,amazon,2026-09-29,2026-08-20,2026-09-29,false,false,3,jan,no,unknown,true
Amazon,"Operations Internship - Alcalá de Henares, Madrid- Start 2027","Alcalá De Henares, Spain",https://www.amazon.jobs/en/jobs/10512786/operations-internship-alcala-de-henares-madrid-start-2027,2026-09-29,Amazon,Spain,Alcalá De Henares,big-tech,high,amazon,2026-09-29,2026-08-24,2026-09-29,false,false,3,jan,no,unknown,true
Amazon,Operations Internship - Bilbao - Start 2027,"Valle Trapaga - Trapagaran, Spain",https://www.amazon.jobs/en/jobs/10510053/operations-internship-bilbao-start-2027,2026-09-29,Amazon,Spain,Valle Trapaga - Trapagaran,big-tech,high,amazon,2026-09-29,2026-08-21,2026-09-29,false,false,3,jan,no,unknown,true
Amazon,Operations Internship - Getafe - Start 2027,"Getafe, Spain",https://www.amazon.jobs/en/jobs/10512170/operations-internship-getafe-start-2027,2026-09-29,Amazon,Spain,Getafe,big-tech,high,amazon,2026-09-29,2026-08-24,2026-09-29,false,false,3,jan,no,unknown,true
Amazon,Operations Internship - Illescas - Start 2027,"Illescas, Spain",https://www.amazon.jobs/en/jobs/10512196/operations-internship-illescas-start-2027,2026-09-29,Amazon,Spain,Illescas,big-tech,high,amazon,2026-09-29,2026-08-24,2026-09-29,false,false,3,jan,no,unknown,true
Amazon,Operations Internship - Tarragona - Start 2027,"Tarragona, Spain",https://www.amazon.jobs/en/jobs/10507991/operations-internship-tarragona-start-2027,2026-09-29,Amazon,Spain,Tarragona,big-tech,high,amazon,2026-09-29,2026-08-20,2026-09-29,false,false,3,jan,no,unknown,true
Amazon,"Operations Internship - Móstoles, Madrid - Start 2027","Móstoles, Spain",https://www.amazon.jobs/en/jobs/10512784/operations-internship-mostoles-madrid-start-2027,2026-09-29,Amazon,Spain,Móstoles,big-tech,high,amazon,2026-09-29,2026-08-24,2026-09-29,false,false,3,jan,no,unknown,true
Amazon,Operations Internship - Zaragoza - Start 2027,"Zaragoza, Spain",https://www.amazon.jobs/en/jobs/10512083/operations-internship-zaragoza-start-2027,2026-09-29,Amazon,Spain,Zaragoza,big-tech,high,amazon,2026-09-29,2026-08-24,2026-09-29,false,false,3,jan,no,unknown,true
Amazon,Operations Internship - Murcia - Start 2027,"Murcia, Spain",https://www.amazon.jobs/en/jobs/10512085/operations-internship-murcia-start-2027,2026-09-29,Amazon,Spain,Murcia,big-tech,high,amazon,2026-09-29,2026-08-24,2026-09-29,false,false,3,jan,no,unknown,true
Amazon,Operations Internship - Galicia - Start 2027,"La Coruna, Spain",https://www.amazon.jobs/en/jobs/10507975/operations-internship-galicia-start-2027,2026-09-29,Amazon,Spain,La Coruna,big-tech,high,amazon,2026-09-29,2026-08-20,2026-09-29,false,false,3,jan,no,unknown,true
Amazon,Operations Internship - Barcelona - Start 2027,"Barcelona, Spain",https://www.amazon.jobs/en/jobs/10507968/operations-internship-barcelona-start-2027,2026-09-29,Amazon,Spain,Barcelona,big-tech,high,amazon,2026-09-29,2026-08-20,2026-09-29,false,false,3,jan,no,unknown,true
Amazon,"Operations Internship - Madrid, San Fernando de Henares - Start 2027","San Fernando De Henares, Spain",https://www.amazon.jobs/en/jobs/10512785/operations-internship-madrid-san-fernando-de-henares-start-2027,2026-09-29,Amazon,Spain,San Fernando De Henares,big-tech,high,amazon,2026-09-29,2026-08-24,2026-09-29,false,false,3,jan,no,unknown,true
Amazon,Operations Internship - Valencia - Start 2027,"Valencia, Spain",https://www.amazon.jobs/en/jobs/10508004/operations-internship-valencia-start-2027,2026-09-29,Amazon,Spain,Valencia,big-tech,high,amazon,2026-09-29,2026-08-20,2026-09-29,false,false,3,jan,no,unknown,true
Amazon,Operations Internship - Figueres - Start 2027,"Figueres, Spain",https://www.amazon.jobs/en/jobs/10507948/operations-internship-figueres-start-2027,2026-09-29,Amazon,Spain,Figueres,big-tech,high,amazon,2026-09-29,2026-08-20,2026-09-29,false,false,3,jan,no,unknown,true
Amazon,Internship in Operations - Rozenburg - Start 2027,"Rozenburg, Netherlands",https://www.amazon.jobs/en/jobs/10541637/internship-in-operations-rozenburg-start-2027,2026-09-29,Amazon,Netherlands,Rozenburg,big-tech,high,amazon,2026-09-29,2026-09-15,2026-09-29,false,false,3,jan,no,unknown,true
Amazon,2027 Software Dev Engineer Intern,"Dublin, Ireland",https://www.amazon.jobs/en/jobs/10418355/2027-software-dev-engineer-intern,2026-09-29,Amazon,Ireland,Dublin,big-tech,high,amazon,2026-09-29,2026-05-13,2026-09-29,true,false,3,,unknown,any,true
Amazon,Operations Human Resources Partner Intern (6 Months) - 2027,"Dublin, Ireland",https://www.amazon.jobs/en/jobs/10560289/operations-human-resources-partner-intern-6-months-2027,2026-09-29,Amazon,Ireland,Dublin,big-tech,high,amazon,2026-09-29,2026-09-25,2026-09-29,false,false,6,jan,no,any,true
Amazon,"Operations & Logistics Internship, Amazon Logistics","Dublin, Ireland",https://www.amazon.jobs/en/jobs/10492646/operations-logistics-internship-amazon-logistics,2026-09-29,Amazon,Ireland,Dublin,big-tech,high,amazon,2026-09-29,2026-08-05,2026-09-29,false,false,3,jan,no,unknown,true
Mastercard,"Product Management Intern, Summer 2027 - Rome, Italy","Rome, Italy",https://mastercard.wd1.myworkdayjobs.com/en-US/CorporateCareers/job/Rome-Italy/Product-Management-Intern--Summer-2027---Rome--Italy_R-287722-1,2026-09-29,Workday,Italy,Rome,finance,high,workday,2026-09-29,2026-09-28,2026-09-29,false,true,2.3,summer,yes,any,true
Mastercard,"Associate Consultant Intern, Summer 2027 – Milan, Italy","Milan, Italy",https://mastercard.wd1.myworkdayjobs.com/en-US/CorporateCareers/job/Milan-Italy/Associate-Consultant-Intern--Summer-2027---Milan--Italy_R-287715-1,2026-09-29,Workday,Italy,Milan,finance,high,workday,2026-09-29,2026-09-24,2026-09-29,false,true,,summer,yes,any,true
Mastercard,"Global Markets Intern, Summer 2027 - Lisbon, Portugal","Lisbon, Portugal",https://mastercard.wd1.myworkdayjobs.com/en-US/CorporateCareers/job/Lisbon-Portugal/Global-Markets-Intern--Summer-2027---Lisbon--Portugal_R-287710-2,2026-09-29,Workday,Portugal,Lisbon,finance,high,workday,2026-09-29,2026-09-28,2026-09-29,false,true,2.3,summer,yes,any,true
Mastercard,"Product Management Intern, Summer 2027 - Lisbon, Portugal","Lisbon, Portugal",https://mastercard.wd1.myworkdayjobs.com/en-US/CorporateCareers/job/Lisbon-Portugal/Product-Management-Intern--Summer-2027---Lisbon--Portugal_R-287709,2026-09-29,Workday,Portugal,Lisbon,finance,high,workday,2026-09-29,2026-09-28,2026-09-29,false,true,2.3,summer,yes,any,true
Sanofi,Medical Affairs Internship,"Milan, Italy",https://sanofi.wd3.myworkdayjobs.com/en-US/SanofiCareers/job/Milano/Medical-Affairs-Internship_R2872039,2026-09-29,Workday,Italy,Milan,pharma-biotech,high,workday,2026-09-29,2026-09-22,2026-09-29,false,false,6,,no,masters,true
Sanofi,Medical Affairs Internship,"Milan, Italy",https://sanofi.wd3.myworkdayjobs.com/en-US/SanofiCareers/job/Milano/Medical-Affairs-Internship_R2871091,2026-09-29,Workday,Italy,Milan,pharma-biotech,high,workday,2026-09-29,2026-09-11,2026-09-29,false,false,6,,no,masters,true
Sanofi,Marketing Internship,"Milan, Italy",https://sanofi.wd3.myworkdayjobs.com/en-US/SanofiCareers/job/Milano/Marketing-Internship_R2870012,2026-09-29,Workday,Italy,Milan,pharma-biotech,high,workday,2026-09-29,2026-09-08,2026-09-29,false,false,6,,no,masters,true
Sanofi,Marketing Internship,"Milan, Italy",https://sanofi.wd3.myworkdayjobs.com/en-US/SanofiCareers/job/Milano/Marketing-Internship_R2870102,2026-09-29,Workday,Italy,Milan,pharma-biotech,high,workday,2026-09-29,2026-09-08,2026-09-29,false,false,6,,no,masters,true
Sanofi,People and Culture Trainee - VIE contract,"Vienna, Austria",https://sanofi.wd3.myworkdayjobs.com/en-US/SanofiCareers/job/Vienna/People-and-Culture-Trainee---VIE-contract_R2860617,2026-09-29,Workday,Austria,Vienna,pharma-biotech,high,workday,2026-09-29,2026-09-28,2026-09-29,false,false,,,unknown,masters,true
Sanofi,Pharmaziepraktikant*in im Bereich Galenik / Biologics Drug Product Development,"Frankfurt, Germany",https://sanofi.wd3.myworkdayjobs.com/en-US/SanofiCareers/job/Frankfurt-am-Main/Pharmaziepraktikant-in-im-Bereich-Galenik---Biologics-Drug-Product-Development_R2872954,2026-09-29,Workday,Germany,Frankfurt,pharma-biotech,high,workday,2026-09-29,2026-09-28,2026-09-29,false,false,,,unknown,unknown,true
Sanofi,stage 6 mois  coordination innovation,"Lyon, France",https://sanofi.wd3.myworkdayjobs.com/en-US/SanofiCareers/job/Lyon/stage-6-mois--coordination-innovation_R2871944,2026-09-29,Workday,France,Lyon,pharma-biotech,high,workday,2026-09-29,2026-09-28,2026-09-29,false,false,6,,no,unknown,true
Sanofi,internship 6 months – public affairs vaccines,"Lyon, France",https://sanofi.wd3.myworkdayjobs.com/en-US/SanofiCareers/job/Lyon/internship-6-months---public-affairs-vaccines_R2872743,2026-09-29,Workday,France,Lyon,pharma-biotech,high,workday,2026-09-29,2026-09-28,2026-09-29,false,false,6,feb,no,unknown,true
Sanofi,Pharmaziepraktikant*in im Bereich ICF Quality Pharma Fill and Inspection für November 2027,"Frankfurt, Germany",https://sanofi.wd3.myworkdayjobs.com/en-US/SanofiCareers/job/Frankfurt-am-Main/Pharmaziepraktikant-in-im-Bereich-ICF-Quality-Pharma-Fill-and-Inspection_R2828009,2026-09-29,Workday,Germany,Frankfurt,pharma-biotech,high,workday,2026-09-29,2026-09-28,2026-09-29,false,false,,,unknown,unknown,true
Sanofi,Pharmaziepraktikant*in im Bereich Cartridge Platform Development Mai 2028,"Frankfurt, Germany",https://sanofi.wd3.myworkdayjobs.com/en-US/SanofiCareers/job/Frankfurt-am-Main/Pharmaziepraktikant-in-im-Bereich-Cartridge-Platform-Development-Mai-2028_R2855486,2026-09-29,Workday,Germany,Frankfurt,pharma-biotech,high,workday,2026-09-29,2026-09-28,2026-09-29,false,false,,,unknown,unknown,true
Sanofi,internship 6 months data science,"Paris, France",https://sanofi.wd3.myworkdayjobs.com/en-US/SanofiCareers/job/Paris/internship-6-months-data-science_R2872264,2026-09-29,Workday,France,Paris,pharma-biotech,high,workday,2026-09-29,2026-09-23,2026-09-29,true,false,6,jan,no,masters,true
Sanofi,Pharmaziepraktikum im Bereich BioAnalytics Germany November 2027,"Frankfurt, Germany",https://sanofi.wd3.myworkdayjobs.com/en-US/SanofiCareers/job/Frankfurt-am-Main/Pharmaziepraktikum-im-Bereich-BioAnalytics-Germany-November-2027_R2872380,2026-09-29,Workday,Germany,Frankfurt,pharma-biotech,high,workday,2026-09-29,2026-09-23,2026-09-29,false,false,,,unknown,unknown,true
Sanofi,Pharmaziepraktikant*in im Bereich Medical Affairs der Franchise Rare Diseases Mai 2028,"Frankfurt, Germany",https://sanofi.wd3.myworkdayjobs.com/en-US/SanofiCareers/job/Frankfurt-am-Main/Pharmaziepraktikant-in-im-Bereich-Medical-Affairs-der-Franchise-Rare-Diseases_R2845345,2026-09-29,Workday,Germany,Frankfurt,pharma-biotech,high,workday,2026-09-29,2026-09-23,2026-09-29,false,false,,,unknown,unknown,true
Sanofi,Pharmaziepraktikum im Bereich RSV Marketing ab Mai 2027,"Berlin, Germany",https://sanofi.wd3.myworkdayjobs.com/en-US/SanofiCareers/job/Berlin/Pharmaziepraktikum-im-Bereich-RSV-Marketing-ab-Mai-2027_R2872378,2026-09-29,Workday,Germany,Berlin,pharma-biotech,high,workday,2026-09-29,2026-09-23,2026-09-29,false,false,,may,unknown,unknown,true
Sanofi,Pharmaziepraktikum im Bereich RSV Marketing ab November 2027,"Berlin, Germany",https://sanofi.wd3.myworkdayjobs.com/en-US/SanofiCareers/job/Berlin/Pharmaziepraktikum-im-Bereich-RSV-Marketing-ab-November-2027_R2872379,2026-09-29,Workday,Germany,Berlin,pharma-biotech,high,workday,2026-09-29,2026-09-23,2026-09-29,false,false,,nov,no,unknown,true
Accenture,Digital transformation intern,"Milan, Italy",https://accenture.wd103.myworkdayjobs.com/en-US/AccentureCareers/job/Milano/Digital-transformation-intern_R00354466,2026-09-29,Workday,Italy,Milan,consulting,high,workday,2026-09-29,2026-09-04,2026-09-29,false,false,,,unknown,masters,true
Accenture,Financial Services - Intern,"Assago, Italy",https://accenture.wd103.myworkdayjobs.com/en-US/AccentureCareers/job/Assago/Banking-and-Financial-Regulation-Intern_R00279783,2026-09-29,Workday,Italy,Assago,consulting,high,workday,2026-09-29,2026-08-30,2026-09-29,false,false,9,,no,unknown,true
Accenture,Business Analyst - Intern,"Milan, Italy",https://accenture.wd103.myworkdayjobs.com/en-US/AccentureCareers/job/Milano/Stage-in-area-Consulting_R00279776,2026-09-29,Workday,Italy,Milan,consulting,high,workday,2026-09-29,2026-08-30,2026-09-29,false,false,9,,no,masters,true
Accenture,Talent Transformation Analyst - Intern,"Assago, Italy",https://accenture.wd103.myworkdayjobs.com/en-US/AccentureCareers/job/Assago-Via-del-Mulino-11a/Talent-Transformation-Analyst---Intern_R00356463,2026-09-29,Workday,Italy,Assago,consulting,high,workday,2026-09-29,2026-09-14,2026-09-29,false,false,9,,no,masters,true
Accenture,Finance Transformation Analyst - Intern,"Assago, Italy",https://accenture.wd103.myworkdayjobs.com/en-US/AccentureCareers/job/Assago-Via-del-Mulino-11a/Finance-Transformation-Analyst---Intern_R00356849,2026-09-29,Workday,Italy,Assago,consulting,high,workday,2026-09-29,2026-09-15,2026-09-29,false,false,9,,no,masters,true
Accenture,Tech Intern - Accenture Customer Innovation Network,"Milan, Italy",https://accenture.wd103.myworkdayjobs.com/en-US/AccentureCareers/job/Milano/Accenture-Customer-Innovation-Network---Innovation-Intern_R00279814,2026-09-29,Workday,Italy,Milan,consulting,high,workday,2026-09-29,2026-08-30,2026-09-29,false,false,,,unknown,unknown,true
Accenture,Cloud Transformation Internship,"Assago, Italy",https://accenture.wd103.myworkdayjobs.com/en-US/AccentureCareers/job/Assago-Via-del-Mulino-11a/Cloud-Transformation-Internship_R00355331,2026-09-29,Workday,Italy,Assago,consulting,high,workday,2026-09-29,2026-09-09,2026-09-29,false,false,,,unknown,unknown,true
Accenture,Capital Projects Internship,"Assago, Italy",https://accenture.wd103.myworkdayjobs.com/en-US/AccentureCareers/job/Assago-Via-del-Mulino-11a/Industry-X---Capital-Projects-Internship_R00290978-1,2026-09-29,Workday,Italy,Assago,consulting,high,workday,2026-09-29,2026-09-08,2026-09-29,false,false,,,unknown,unknown,true
Accenture,Salesforce Analyst - Internship,"Rome, Italy",https://accenture.wd103.myworkdayjobs.com/en-US/AccentureCareers/job/Roma/Salesforce-Academy_R00292740,2026-09-29,Workday,Italy,Rome,consulting,high,workday,2026-09-29,2026-09-24,2026-09-29,false,false,,,unknown,unknown,true
Accenture,Innovation Analyst Internship,"Milan, Italy",https://accenture.wd103.myworkdayjobs.com/en-US/AccentureCareers/job/Milano/Industry-X---Innovation-Analyst-Internship_13727121-1,2026-09-29,Workday,Italy,Milan,consulting,high,workday,2026-09-29,2026-08-30,2026-09-29,false,false,,,unknown,masters,true
Accenture,Intellera Public Service Local - Digital Transformation Intern,"Milan, Italy",https://accenture.wd103.myworkdayjobs.com/en-US/AccentureCareers/job/Milano-Via-Gaetano-de-Castillia-23/Intellera---Candidatura-Assessment-Day_R00333132,2026-09-29,Workday,Italy,Milan,consulting,high,workday,2026-09-29,2026-09-02,2026-09-29,false,false,,may,unknown,masters,true
Accenture,Maritime Business Analyst Internship,"Assago, Italy",https://accenture.wd103.myworkdayjobs.com/en-US/AccentureCareers/job/Assago-Via-del-Mulino-11a/Maritime-Internship_R00342490,2026-09-29,Workday,Italy,Assago,consulting,high,workday,2026-09-29,2026-08-30,2026-09-29,false,false,,,unknown,masters,true
Accenture,Junior SAP Analyst - Internship,"Assago, Italy",https://accenture.wd103.myworkdayjobs.com/en-US/AccentureCareers/job/Assago-Via-del-Mulino-11a/Junior-SAP-Analyst---Internship_R00279839,2026-09-29,Workday,Italy,Assago,consulting,high,workday,2026-09-29,2026-08-30,2026-09-29,false,false,,,unknown,unknown,true
Accenture,Progettista reti gas - Internship,"Assago, Italy",https://accenture.wd103.myworkdayjobs.com/en-US/AccentureCareers/job/Assago-Via-del-Mulino-11a/Proggettista-Reti-Gas-Junior---Industry-X_R00306360,2026-09-29,Workday,Italy,Assago,consulting,high,workday,2026-09-29,2026-08-30,2026-09-29,false,false,,,unknown,unknown,true
Accenture,Technology Strategy & Advisory - Internship,"Milan, Italy",https://accenture.wd103.myworkdayjobs.com/en-US/AccentureCareers/job/Milano/Technology-Strategy---Technology-Advisory-Intern_R00288639,2026-09-29,Workday,Italy,Milan,consulting,high,workday,2026-09-29,2026-08-30,2026-09-29,false,false,,,unknown,masters,true
Accenture,Stage in area Industry&Process,"Turin, Italy",https://accenture.wd103.myworkdayjobs.com/en-US/AccentureCareers/job/Torino/Stage-in-area-Operations_R00278372,2026-09-29,Workday,Italy,Turin,consulting,high,workday,2026-09-29,2026-09-09,2026-09-29,false,false,,,unknown,unknown,true
Accenture,Stage per neodiplomati e/o neolaureati in area Industry&Process,"Naples, Italy",https://accenture.wd103.myworkdayjobs.com/en-US/AccentureCareers/job/Napoli-Via-Porzio-4-Torre-Francesco/Stage-per-neodiplomati-e-o-neolaureati-in-area-Operations_R00278378-1,2026-09-29,Workday,Italy,Naples,consulting,high,workday,2026-09-29,2026-08-30,2026-09-29,false,false,,,unknown,unknown,true
Accenture,Stage Sales and Business Development per il mercato Financial Services,"Milan, Italy",https://accenture.wd103.myworkdayjobs.com/en-US/AccentureCareers/job/Milano/Stage-Sales-and-Business-Development_R00074273,2026-09-29,Workday,Italy,Milan,consulting,high,workday,2026-09-29,2026-09-07,2026-09-29,false,false,,,unknown,unknown,true
Accenture,"Stage in Ingegneria, AI e Automazione Industriale","Milan, Italy",https://accenture.wd103.myworkdayjobs.com/en-US/AccentureCareers/job/Milano/Industry-X---Stage-in-Ingegneria--AI-e-Automazione-Industriale_R00279633,2026-09-29,Workday,Italy,Milan,consulting,high,workday,2026-09-29,2026-08-30,2026-09-29,false,false,,,unknown,unknown,true
Accenture,Stage in area Accenture Song,"Milan, Italy",https://accenture.wd103.myworkdayjobs.com/en-US/AccentureCareers/job/Milano-Via-Privata-Nino-Bonnet-10/Stage-in-area-Accenture-Song_R00352478,2026-09-29,Workday,Italy,Milan,consulting,high,workday,2026-09-29,2026-09-04,2026-09-29,false,false,,,unknown,masters,true
Accenture,Stage - Consultant Junior en Industrie du Futur F/H,"Paris, France",https://accenture.wd103.myworkdayjobs.com/en-US/AccentureCareers/job/Paris/Stage---Consultant-Junior-en-Industrie-du-Futur-F-H_R00292121,2026-09-29,Workday,France,Paris,consulting,high,workday,2026-09-29,2026-08-30,2026-09-29,false,false,6,,no,unknown,true
Accenture,Finance Transformation - Working Internship,"Amsterdam, Netherlands",https://accenture.wd103.myworkdayjobs.com/en-US/AccentureCareers/job/Amsterdam/Finance-Transformation---Working-Internship_R00336967,2026-09-29,Workday,Netherlands,Amsterdam,consulting,high,workday,2026-09-29,2026-08-30,2026-09-29,false,false,,,unknown,masters,true
Accenture,Strategy & Consulting - Talent & Organization Thesis Internship,"Amsterdam, Netherlands",https://accenture.wd103.myworkdayjobs.com/en-US/AccentureCareers/job/Amsterdam/Talent---Thesis-Internship_R00329922,2026-09-29,Workday,Netherlands,Amsterdam,consulting,high,workday,2026-09-29,2026-08-30,2026-09-29,false,false,,,unknown,any,true
Accenture,"Werkstudent – Technology, Strategy and Transformation Internship","Amsterdam, Netherlands",https://accenture.wd103.myworkdayjobs.com/en-US/AccentureCareers/job/Amsterdam/Portfolio-Management-Working-Internship---Technology--Strategy-and-Transformation_R00346801,2026-09-29,Workday,Netherlands,Amsterdam,consulting,high,workday,2026-09-29,2026-09-23,2026-09-29,false,false,,,unknown,any,true
Accenture,Internship - Management Consulting Intern -Song Services - As of February 2027,"Brussels, Belgium",https://accenture.wd103.myworkdayjobs.com/en-US/AccentureCareers/job/Brussels/Internship---Management-Consulting-Intern--Song-Services---As-of-February-2027_R00357681,2026-09-29,Workday,Belgium,Brussels,consulting,high,workday,2026-09-29,2026-09-17,2026-09-29,false,false,,,unknown,masters,true
Accenture,Internship – Risk,"Amsterdam, Netherlands",https://accenture.wd103.myworkdayjobs.com/en-US/AccentureCareers/job/Amsterdam/Internship---Risk_R00337862,2026-09-29,Workday,Netherlands,Amsterdam,consulting,high,workday,2026-09-29,2026-08-30,2026-09-29,false,false,5,sep,no,any,true
Accenture,Digital Engineering Internship,"Amsterdam, Netherlands",https://accenture.wd103.myworkdayjobs.com/en-US/AccentureCareers/job/Amsterdam/Supply-Chain---Engineering-Internship_R00327505,2026-09-29,Workday,Netherlands,Amsterdam,consulting,high,workday,2026-09-29,2026-09-10,2026-09-29,false,false,6,,no,masters,true
Accenture,Industrial Design Internship,"Eindhoven, Netherlands",https://accenture.wd103.myworkdayjobs.com/en-US/AccentureCareers/job/Eindhoven/Internship---Industrial-Design-IX_R00343384,2026-09-29,Workday,Netherlands,Eindhoven,consulting,high,workday,2026-09-29,2026-08-30,2026-09-29,false,false,6,,no,unknown,true
Accenture,Health Technology Internship,"Amsterdam, Netherlands",https://accenture.wd103.myworkdayjobs.com/en-US/AccentureCareers/job/Amsterdam/Health---Public-Services-Technology-Internship_R00358078,2026-09-29,Workday,Netherlands,Amsterdam,consulting,high,workday,2026-09-29,2026-09-25,2026-09-29,false,false,4,feb,no,masters,true
Accenture,Internship – Products Strategy & Consulting,"Amsterdam, Netherlands",https://accenture.wd103.myworkdayjobs.com/en-US/AccentureCareers/job/Amsterdam/Internship---Products-Strategy---Consulting_R00327127,2026-09-29,Workday,Netherlands,Amsterdam,consulting,high,workday,2026-09-29,2026-08-30,2026-09-29,false,false,5,sep,no,any,true
Accenture,Public Services Technology Internship,"Amsterdam, Netherlands",https://accenture.wd103.myworkdayjobs.com/en-US/AccentureCareers/job/Amsterdam/Health---Public-Services-Technology-Internship-2_R00358088,2026-09-29,Workday,Netherlands,Amsterdam,consulting,high,workday,2026-09-29,2026-09-25,2026-09-29,false,false,4,feb,no,masters,true
Accenture,Health Strategy & Consulting Internship,"Amsterdam, Netherlands",https://accenture.wd103.myworkdayjobs.com/en-US/AccentureCareers/job/Amsterdam/Health---Public-Services---Strategy---Consulting-Internship_R00358081,2026-09-29,Workday,Netherlands,Amsterdam,consulting,high,workday,2026-09-29,2026-09-25,2026-09-29,false,false,4,feb,no,masters,true
Accenture,Accenture Spring Internship 2027,"Stockholm, Sweden",https://accenture.wd103.myworkdayjobs.com/en-US/AccentureCareers/job/Stockholm/Accenture-Spring-Internship-2027_R00358147,2026-09-29,Workday,Sweden,Stockholm,consulting,high,workday,2026-09-29,2026-09-25,2026-09-29,false,false,1.8,,unknown,masters,true
Accenture,Thesis Internship Management Consulting - Song,"Amsterdam, Netherlands",https://accenture.wd103.myworkdayjobs.com/en-US/AccentureCareers/job/Amsterdam/Thesis-Internship-Management-Consulting---Song_R00328773,2026-09-29,Workday,Netherlands,Amsterdam,consulting,high,workday,2026-09-29,2026-08-30,2026-09-29,false,false,4,sep,no,masters,true
Accenture,Public Services Strategy & Consulting Internship,"Amsterdam, Netherlands",https://accenture.wd103.myworkdayjobs.com/en-US/AccentureCareers/job/Amsterdam/Health---Public-Services---Strategy---Consulting-Internship-2_R00358098,2026-09-29,Workday,Netherlands,Amsterdam,consulting,high,workday,2026-09-29,2026-09-25,2026-09-29,false,false,4,feb,no,masters,true
Accenture,Internship - Security - as of February 2027,"Brussels, Belgium",https://accenture.wd103.myworkdayjobs.com/en-US/AccentureCareers/job/Brussels/Security-Internship-as-of-February-2026_R00287897,2026-09-29,Workday,Belgium,Brussels,consulting,high,workday,2026-09-29,2026-09-14,2026-09-29,false,false,2.8,,unknown,any,true
Accenture,Bli med på vårt Summer Internship 2027 i Design!,"Oslo, Norway",https://accenture.wd103.myworkdayjobs.com/en-US/AccentureCareers/job/Oslo/Bli-med-p-vrt-Summer-Internship-2027-i-Design-_R00349987,2026-09-29,Workday,Norway,Oslo,consulting,high,workday,2026-09-29,2026-09-11,2026-09-29,false,false,,summer,yes,unknown,true
Accenture,Bygg ekte løsninger. Med ekte innvirkning. Summer Internship for utviklere 💻,"Oslo, Norway",https://accenture.wd103.myworkdayjobs.com/en-US/AccentureCareers/job/Oslo/Bygg-ekte-lsninger-Med-ekte-innvirkning-Summer-Internship-for-utviklere---_R00340352,2026-09-29,Workday,Norway,Oslo,consulting,high,workday,2026-09-29,2026-08-30,2026-09-29,false,false,,summer,yes,unknown,true
Accenture,Forstå teknologien som driver store virksomheter — Summer Internship hos Accenture 2027 ☀️,"Oslo, Norway",https://accenture.wd103.myworkdayjobs.com/en-US/AccentureCareers/job/Oslo/Forst-teknologien-som-driver-store-virksomheter---Summer-Internship-hos-Accenture-2027---_R00348924,2026-09-29,Workday,Norway,Oslo,consulting,high,workday,2026-09-29,2026-08-30,2026-09-29,false,false,,summer,yes,unknown,true
Accenture,Bruk sommeren på å løse problemer som faktisk betyr noe! Summer Internship hos Accenture 2027☀️,"Oslo, Norway",https://accenture.wd103.myworkdayjobs.com/en-US/AccentureCareers/job/Oslo/Bruk-sommeren-p--lse-problemer-som-faktisk-betyr-noe--Summer-Internship-hos-Accenture-2027--_R00348914,2026-09-29,Workday,Norway,Oslo,consulting,high,workday,2026-09-29,2026-08-30,2026-09-29,false,false,,summer,yes,unknown,true
Celonis,Customer Advocacy  & Customer Marketing Graduated Internship (12 months) ,"Madrid, Spain",https://job-boards.greenhouse.io/celonis/jobs/7998286003?gh_jid=7998286003,2026-09-29,Greenhouse,Spain,Madrid,big-tech,normal,greenhouse,2026-09-29,2026-09-21,2026-09-29,false,false,12,,no,any,true
Celonis,Field Marketing (DACH Region) Intern,"Munich, Germany",https://job-boards.greenhouse.io/celonis/jobs/7998271003?gh_jid=7998271003,2026-09-29,Greenhouse,Germany,Munich,big-tech,normal,greenhouse,2026-09-29,2026-09-22,2026-09-29,false,false,6,,no,any,true
Celonis,Field Marketing (DACH Region) Working Student,"Munich, Germany",https://job-boards.greenhouse.io/celonis/jobs/8002256003?gh_jid=8002256003,2026-09-29,Greenhouse,Germany,Munich,big-tech,normal,greenhouse,2026-09-29,2026-09-22,2026-09-29,false,false,6,,no,any,true
Celonis,Intern AI & Management Consulting (Value Engineering),"Paris, France",https://job-boards.greenhouse.io/celonis/jobs/7767090003?gh_jid=7767090003,2026-09-29,Greenhouse,France,Paris,big-tech,normal,greenhouse,2026-09-29,2026-07-01,2026-09-29,false,false,6,oct,no,unknown,true
Celonis,Intern Applied AI Engineering / Strategic Consulting (CoE Tiger Team),"Madrid, Spain",https://job-boards.greenhouse.io/celonis/jobs/7989895003?gh_jid=7989895003,2026-09-29,Greenhouse,Spain,Madrid,big-tech,normal,greenhouse,2026-09-29,2026-09-28,2026-09-29,true,false,6,,no,unknown,true
Celonis,Intern Deal Operations and Analysis,"Madrid, Spain",https://job-boards.greenhouse.io/celonis/jobs/7996939003?gh_jid=7996939003,2026-09-29,Greenhouse,Spain,Madrid,big-tech,normal,greenhouse,2026-09-29,2026-09-25,2026-09-29,false,false,5.5,,no,any,true
Celonis,Intern Deployment Engineer - Data & AI,"Munich, Germany",https://job-boards.greenhouse.io/celonis/jobs/7990983003?gh_jid=7990983003,2026-09-29,Greenhouse,Germany,Munich,big-tech,normal,greenhouse,2026-09-29,2026-09-10,2026-09-29,false,false,5,,no,unknown,true
Celonis,Intern External Communications,"Munich, Germany",https://job-boards.greenhouse.io/celonis/jobs/8005202003?gh_jid=8005202003,2026-09-29,Greenhouse,Germany,Munich,big-tech,normal,greenhouse,2026-09-29,2026-09-25,2026-09-29,false,false,6,,no,unknown,true
Celonis,Intern Strategic Program Management,"Madrid, Spain",https://job-boards.greenhouse.io/celonis/jobs/7990967003?gh_jid=7990967003,2026-09-29,Greenhouse,Spain,Madrid,big-tech,normal,greenhouse,2026-09-29,2026-09-11,2026-09-29,false,false,5,oct,no,unknown,true
Celonis,Intern Technology Consultant - Data & AI,"Munich, Germany",https://job-boards.greenhouse.io/celonis/jobs/7977924003?gh_jid=7977924003,2026-09-29,Greenhouse,Germany,Munich,big-tech,normal,greenhouse,2026-09-29,2026-09-10,2026-09-29,false,false,5,,no,unknown,true
Celonis,Intern Technology & Management Consulting (Value Engineering),"Paris, France",https://job-boards.greenhouse.io/celonis/jobs/7962340003?gh_jid=7962340003,2026-09-29,Greenhouse,France,Paris,big-tech,normal,greenhouse,2026-09-29,2026-08-24,2026-09-29,false,false,6,oct,no,unknown,true
Celonis,Working Student External Communications,"Munich, Germany",https://job-boards.greenhouse.io/celonis/jobs/8005144003?gh_jid=8005144003,2026-09-29,Greenhouse,Germany,Munich,big-tech,normal,greenhouse,2026-09-29,2026-09-25,2026-09-29,false,false,5.5,,no,unknown,true
Datadog,Applied Science Intern,"Paris, France",https://careers.datadoghq.com/detail/8181440/?gh_jid=8181440,2026-09-29,Greenhouse,France,Paris,big-tech,normal,greenhouse,2026-09-29,2026-09-08,2026-09-29,false,false,6,feb,no,unknown,true
Datadog,IT Support Technician Intern,"Paris, France",https://careers.datadoghq.com/detail/8129799/?gh_jid=8129799,2026-09-29,Greenhouse,France,Paris,big-tech,normal,greenhouse,2026-09-29,2026-09-08,2026-09-29,false,false,6,feb,no,unknown,true
Datadog,Product Management Intern,"Paris, France",https://careers.datadoghq.com/detail/8143729/?gh_jid=8143729,2026-09-29,Greenhouse,France,Paris,big-tech,normal,greenhouse,2026-09-29,2026-09-08,2026-09-29,false,false,6,feb,no,unknown,true
Datadog,Software Engineering Intern,"Madrid, Spain",https://careers.datadoghq.com/detail/8114161/?gh_jid=8114161,2026-09-29,Greenhouse,Spain,Madrid,big-tech,normal,greenhouse,2026-09-29,2026-09-08,2026-09-29,true,false,,feb,no,unknown,true
Datadog,Software Engineering Intern,"Paris, France",https://careers.datadoghq.com/detail/8114186/?gh_jid=8114186,2026-09-29,Greenhouse,France,Paris,big-tech,normal,greenhouse,2026-09-29,2026-09-08,2026-09-29,true,false,6,feb,no,unknown,true
Salesforce,Intern: Tech Sales & Business Development (Milan | October 2026),"Milan, Italy",https://salesforce.wd12.myworkdayjobs.com/en-US/External_Career_Site/job/Italy---Milan/Intern--Tech-Sales---Business-Development--Milan---September-2026-_JR336586-1,2026-09-29,Workday,Italy,Milan,big-tech,normal,workday,2026-09-29,2026-09-02,2026-09-29,false,false,12,oct,no,any,true
Salesforce,Sales Intern (North),"Munich, Germany",https://salesforce.wd12.myworkdayjobs.com/en-US/External_Career_Site/job/Germany---Munich/Sales-Intern--North-_JR335815,2026-09-29,Workday,Germany,Munich,big-tech,normal,workday,2026-09-29,2026-09-25,2026-09-29,false,false,12,,no,any,true
P&G,Strategic Sales Internship,"Rome, Italy",https://pg.wd5.myworkdayjobs.com/en-US/1000/job/ROME-GENERAL-OFFICE/Strategic-Sales-Internship_R000146149,2026-09-29,Workday,Italy,Rome,big-tech,normal,workday,2026-09-29,2026-09-21,2026-09-29,false,false,6,,no,masters,true
P&G,Product Supply Internship,"Rome, Italy",https://pg.wd5.myworkdayjobs.com/en-US/1000/job/ROME-GENERAL-OFFICE/Product-Supply-Internship_R000159774,2026-09-29,Workday,Italy,Rome,big-tech,normal,workday,2026-09-29,2026-09-25,2026-09-29,false,false,6,,no,masters,true
P&G,Opportunità Internship - Categorie Protette (L. 68/99),"Rome, Italy",https://pg.wd5.myworkdayjobs.com/en-US/1000/job/ROME-GENERAL-OFFICE/Opportunit-Internship---Categorie-Protette--L-68-99-_R000140890,2026-09-29,Workday,Italy,Rome,big-tech,normal,workday,2026-09-29,2026-08-30,2026-09-29,false,false,,,unknown,unknown,true
P&G,Strategic Sales Internship - Cat. Protette (L. 68/99),"Rome, Italy",https://pg.wd5.myworkdayjobs.com/en-US/1000/job/ROME-GENERAL-OFFICE/Strategic-Sales-Internship---Cat-Protette--L-68-99-_R000159532,2026-09-29,Workday,Italy,Rome,big-tech,normal,workday,2026-09-29,2026-09-23,2026-09-29,false,false,6,,no,masters,true
P&G,Product Supply Internship - Cat. Protette (L. 68/99),"Rome, Italy",https://pg.wd5.myworkdayjobs.com/en-US/1000/job/ROME-GENERAL-OFFICE/Product-Supply-Internship---Cat-Protette--L-68-99-_R000159799,2026-09-29,Workday,Italy,Rome,big-tech,normal,workday,2026-09-29,2026-09-25,2026-09-29,false,false,6,,no,masters,true
P&G,Human Resources Management Internship - Cat. Protette (L. 68/99),"Rome, Italy",https://pg.wd5.myworkdayjobs.com/en-US/1000/job/ROME-GENERAL-OFFICE/Human-Resources-Management-Internship---Cat-Protette--L-68-99-_R000158381,2026-09-29,Workday,Italy,Rome,big-tech,normal,workday,2026-09-29,2026-09-02,2026-09-29,false,false,6,,no,masters,true
P&G,Data Engineering Intern,"Paris, France",https://pg.wd5.myworkdayjobs.com/en-US/1000/job/PARIS-GO-ASNIERES-SUR-SEINE/Data-Engineering-Intern_R000155891,2026-09-29,Workday,France,Paris,big-tech,normal,workday,2026-09-29,2026-08-30,2026-09-29,true,false,6,sep,no,masters,true
P&G,IT Marketing Technologist Intern,"Paris, France",https://pg.wd5.myworkdayjobs.com/en-US/1000/job/PARIS-GO-ASNIERES-SUR-SEINE/IT-Marketing-Technologist-Intern_R000156155,2026-09-29,Workday,France,Paris,big-tech,normal,workday,2026-09-29,2026-08-30,2026-09-29,false,false,6,,no,masters,true
P&G,R&D Internship – Scientist,"Brussels, Belgium",https://pg.wd5.myworkdayjobs.com/en-US/1000/job/Brussels/R-D-Internship---Scientist_R000159360,2026-09-29,Workday,Belgium,Brussels,big-tech,normal,workday,2026-09-29,2026-09-18,2026-09-29,false,false,4,,unknown,masters,true
P&G,Data Science Internship,"Brussels, Belgium",https://pg.wd5.myworkdayjobs.com/en-US/1000/job/Brussels/Data-Science-Internship_R000145698,2026-09-29,Workday,Belgium,Brussels,big-tech,normal,workday,2026-09-29,2026-08-30,2026-09-29,true,false,3,,unknown,masters,true
P&G,Brand Management Internship,"Brussels, Belgium",https://pg.wd5.myworkdayjobs.com/en-US/1000/job/Brussels/Brand-Management-Internship_R000146320,2026-09-29,Workday,Belgium,Brussels,big-tech,normal,workday,2026-09-29,2026-08-30,2026-09-29,false,false,6,,no,masters,true
P&G,Brand Management Internship,"Rotterdam, Netherlands",https://pg.wd5.myworkdayjobs.com/en-US/1000/job/ROTTERDAM-OFFICE/Brand-Management-Internship_R000148759,2026-09-29,Workday,Netherlands,Rotterdam,big-tech,normal,workday,2026-09-29,2026-09-02,2026-09-29,false,false,6,oct,no,masters,true
P&G,Strategic Finance Internship,"Rotterdam, Netherlands",https://pg.wd5.myworkdayjobs.com/en-US/1000/job/ROTTERDAM-OFFICE/Strategic-Finance-Internship_R000148762,2026-09-29,Workday,Netherlands,Rotterdam,big-tech,normal,workday,2026-09-29,2026-08-30,2026-09-29,false,false,4,jan,no,masters,true
P&G,Strategic Finance Internship,"Paris, France",https://pg.wd5.myworkdayjobs.com/en-US/1000/job/PARIS-GO-ASNIERES-SUR-SEINE/Strategic-Finance-Internship_R000153716,2026-09-29,Workday,France,Paris,big-tech,normal,workday,2026-09-29,2026-08-30,2026-09-29,false,false,6,jan,no,masters,true
P&G,Data Engineer Internship (m/f/x),"Madrid, Spain",https://pg.wd5.myworkdayjobs.com/en-US/1000/job/MADRID-GENERAL-OFFICE/Data-Engineer-Internship--m-f-x-_R000154644,2026-09-29,Workday,Spain,Madrid,big-tech,normal,workday,2026-09-29,2026-08-30,2026-09-29,true,false,,,unknown,any,true
P&G,Strategic Finance Internship,"Brussels, Belgium",https://pg.wd5.myworkdayjobs.com/en-US/1000/job/Brussels/Strategic-Finance-Internship_R000154729,2026-09-29,Workday,Belgium,Brussels,big-tech,normal,workday,2026-09-29,2026-08-30,2026-09-29,false,false,4,jan,no,masters,true
P&G,Marketing Media Internship,"Paris, France",https://pg.wd5.myworkdayjobs.com/en-US/1000/job/Paris/Marketing-Media-Internship_R000154956,2026-09-29,Workday,France,Paris,big-tech,normal,workday,2026-09-29,2026-08-30,2026-09-29,false,false,6,jan,no,masters,true
P&G,Supply Chain Internship,"Rotterdam, Netherlands",https://pg.wd5.myworkdayjobs.com/en-US/1000/job/Rotterdam/Supply-Chain-Internship_R000154993,2026-09-29,Workday,Netherlands,Rotterdam,big-tech,normal,workday,2026-09-29,2026-08-30,2026-09-29,false,false,,,unknown,masters,true
P&G,Supply Chain Internship,"Brussels, Belgium",https://pg.wd5.myworkdayjobs.com/en-US/1000/job/Brussels/Supply-Chain-Internship_R000155031,2026-09-29,Workday,Belgium,Brussels,big-tech,normal,workday,2026-09-29,2026-08-30,2026-09-29,false,false,,,unknown,masters,true
P&G,Human Resources Internship (m/f/x),"Madrid, Spain",https://pg.wd5.myworkdayjobs.com/en-US/1000/job/MADRID-GENERAL-OFFICE/Human-Resources-Internship--m-f-x-_R000155730,2026-09-29,Workday,Spain,Madrid,big-tech,normal,workday,2026-09-29,2026-08-30,2026-09-29,false,false,6,,no,any,true
P&G,Digital Marketing Trader Internship,"Paris, France",https://pg.wd5.myworkdayjobs.com/en-US/1000/job/PARIS-GO-ASNIERES-SUR-SEINE/Digital-Marketing-Trader-Internship_R000159275,2026-09-29,Workday,France,Paris,big-tech,normal,workday,2026-09-29,2026-09-16,2026-09-29,false,false,6,jan,no,unknown,true
P&G,Strategic Sales Internship (Stage Stratégie Commerciale),"Paris, France",https://pg.wd5.myworkdayjobs.com/en-US/1000/job/PARIS-GO-ASNIERES-SUR-SEINE/Strategic-Sales-Internship--Stage-Stratgie-Commerciale-_R000158956,2026-09-29,Workday,France,Paris,big-tech,normal,workday,2026-09-29,2026-09-10,2026-09-29,false,false,6,,no,masters,true
P&G,Analysis & Insights Internship (Stagiaire Data Analyst),"Paris, France",https://pg.wd5.myworkdayjobs.com/en-US/1000/job/PARIS-GO-ASNIERES-SUR-SEINE/Analysis---Insights-Internship--Stagiaire-Data-Analyst-_R000159355,2026-09-29,Workday,France,Paris,big-tech,normal,workday,2026-09-29,2026-09-22,2026-09-29,true,false,,sep,no,masters,true
P&G,Engineering Internship - Automation/Mechanical/Mechatronic/Data Science/Chemical,"Brussels, Belgium",https://pg.wd5.myworkdayjobs.com/en-US/1000/job/Brussels/Engineering-Internship---Automation-Mechanical-Mechatronic-Data-Science-Chemical_R000154036,2026-09-29,Workday,Belgium,Brussels,big-tech,normal,workday,2026-09-29,2026-08-30,2026-09-29,true,false,3,,unknown,phd,true
P&G,Stage de 6 mois - SUPPLY CHAIN Octobre 2026 – Mars 2027 – Master 1 ou 2 - 1600€/mois (H/F),"Paris, France",https://pg.wd5.myworkdayjobs.com/en-US/1000/job/PARIS-GO-ASNIERES-SUR-SEINE/Stage-de-6-mois---SUPPLY-CHAIN-Octobre-2026---Mars-2027---Master-1-ou-2---1600--mois--H-F-_R000157208,2026-09-29,Workday,France,Paris,big-tech,normal,workday,2026-09-29,2026-08-30,2026-09-29,false,false,6,,no,masters,true
GSK,"Internship: GVGH Lab Operations Intern, Italy, 2026",Italy,https://gsk.wd5.myworkdayjobs.com/en-US/GSKCareers/job/Italy---Siena/Internship--GVGH-Lab-Operations-Intern--Italy--2026_448460,2026-09-29,Workday,Italy,,pharma-biotech,normal,workday,2026-09-29,2026-09-25,2026-09-29,false,false,6,nov,no,masters,true
GSK,"Internship: Lab Systems & Automation Intern, IT, 2026",Italy,https://gsk.wd5.myworkdayjobs.com/en-US/GSKCareers/job/Italy---Siena/Internship--Lab-Systems---Automation-Intern--IT--2026_441206,2026-09-29,Workday,Italy,,pharma-biotech,normal,workday,2026-09-29,2026-08-30,2026-09-29,false,false,6,jul,no,any,true
GSK,"Internship: Cold Chain and Distribution Project Coordinator, Vaccines Supply Chain, Belgium - 2026",Belgium,https://gsk.wd5.myworkdayjobs.com/en-US/GSKCareers/job/Belgium-Wavre/Internship--Cold-Chain-and-Distribution-Project-Coordinator--Vaccines-Supply-Chain--Belgium---2026_433310,2026-09-29,Workday,Belgium,,pharma-biotech,normal,workday,2026-09-29,2026-08-30,2026-09-29,false,false,6,aug,no,any,true
GSK,"Stage : Analyse et optimisation des procédés de préparation de milieux, Belgique - 2026",Belgium,https://gsk.wd5.myworkdayjobs.com/en-US/GSKCareers/job/Belgium-Wavre/Stage---Analyse-et-optimisation-des-procds-de-prparation-de-milieux--Belgique---2026_448075,2026-09-29,Workday,Belgium,,pharma-biotech,normal,workday,2026-09-29,2026-09-24,2026-09-29,false,false,6,sep,no,unknown,true
GSK,Stage - Reparto Ispezione Visiva,"Parma, Italy",https://gsk.wd5.myworkdayjobs.com/en-US/GSKCareers/job/Italy---Parma/Stage---Reparto-Ispezione-Visiva_447214,2026-09-29,Workday,Italy,Parma,pharma-biotech,normal,workday,2026-09-29,2026-09-29,2026-09-29,false,false,6,sep,no,unknown,true
Bosch,Praktikum im Bereich Einkauf - Elektronik,"Wernau (Neckar), Germany",https://jobs.smartrecruiters.com/BoschGroup/744000152443945,2026-09-29,SmartRecruiters,Germany,Wernau (Neckar),big-tech,normal,smartrecruiters,2026-09-29,2026-09-29,2026-09-29,false,false,6,,no,unknown,true
Bosch,Praktikum in der Transportlogistik,"Karlsruhe, Germany",https://jobs.smartrecruiters.com/BoschGroup/744000152427823,2026-09-29,SmartRecruiters,Germany,Karlsruhe,big-tech,normal,smartrecruiters,2026-09-29,2026-09-29,2026-09-29,false,false,6,mar,no,unknown,true
Bosch,Praktikum in der Softwareentwicklung – Low-Code oder Rich-Code,"Blaichach, Germany",https://jobs.smartrecruiters.com/BoschGroup/744000152410271,2026-09-29,SmartRecruiters,Germany,Blaichach,big-tech,normal,smartrecruiters,2026-09-29,2026-09-29,2026-09-29,true,false,6,,no,unknown,true
Bosch,Pflichtpraktikum im Bereich Softwareentwicklung (Full-Stack),"Stuttgart, Germany",https://jobs.smartrecruiters.com/BoschGroup/744000152402639,2026-09-29,SmartRecruiters,Germany,Stuttgart,big-tech,normal,smartrecruiters,2026-09-29,2026-09-29,2026-09-29,true,false,6,apr,no,unknown,true
Bosch,Pflichtpraktikum in Social Media,"Gerlingen, Germany",https://jobs.smartrecruiters.com/BoschGroup/744000152399259,2026-09-29,SmartRecruiters,Germany,Gerlingen,big-tech,normal,smartrecruiters,2026-09-29,2026-09-29,2026-09-29,false,false,3,,unknown,unknown,true
Bosch,Financial Performance – Curricular internship in Controlling (m/f/d),"Nonantola, Italy",https://jobs.smartrecruiters.com/BoschGroup/744000152384519,2026-09-29,SmartRecruiters,Italy,Nonantola,big-tech,normal,smartrecruiters,2026-09-29,2026-09-29,2026-09-29,false,false,,,unknown,any,true
Bosch,Pflichtpraktikum in der Planungslogistik,"Waiblingen, Germany",https://jobs.smartrecruiters.com/BoschGroup/744000152379990,2026-09-29,SmartRecruiters,Germany,Waiblingen,big-tech,normal,smartrecruiters,2026-09-29,2026-09-29,2026-09-29,false,false,6,feb,no,unknown,true
Bosch,"Duales Studium oder Praktikum - Technischer Einkauf, Prozess- und Qualitätsmanagement (w/m/div.)","Hallein, Austria",https://jobs.smartrecruiters.com/BoschGroup/744000152365820,2026-09-29,SmartRecruiters,Austria,Hallein,big-tech,normal,smartrecruiters,2026-09-29,2026-09-29,2026-09-29,false,false,6,sep,no,unknown,true
Bosch,Tirocinio in Pianificazione Logistica,"Fagagna, Italy",https://jobs.smartrecruiters.com/BoschGroup/744000152357792,2026-09-29,SmartRecruiters,Italy,Fagagna,big-tech,normal,smartrecruiters,2026-09-29,2026-09-29,2026-09-29,false,false,,,unknown,unknown,true
Bosch,Estudiante en prácticas -- departamento RBEM/MSS1,"Madrid, Spain",https://jobs.smartrecruiters.com/BoschGroup/744000152349174,2026-09-29,SmartRecruiters,Spain,Madrid,big-tech,normal,smartrecruiters,2026-09-29,2026-09-29,2026-09-29,false,false,6,,no,unknown,true
Bosch,Praktikum im Logistik Supply Chain - Auftrags- und Kundenplanung,"Lollar, Germany",https://jobs.smartrecruiters.com/BoschGroup/744000152349949,2026-09-29,SmartRecruiters,Germany,Lollar,big-tech,normal,smartrecruiters,2026-09-29,2026-09-29,2026-09-29,false,false,6,dec,no,unknown,true
Bosch,Pflichtpraktikum im Prozessmanagement,"Gerlingen, Germany",https://jobs.smartrecruiters.com/BoschGroup/744000152346699,2026-09-29,SmartRecruiters,Germany,Gerlingen,big-tech,normal,smartrecruiters,2026-09-29,2026-09-29,2026-09-29,false,false,6,,no,unknown,true
Amazon,Business Analyst Intern (6 months) - 2027,"Barcelona, Spain",https://www.amazon.jobs/en/jobs/10563644/business-analyst-intern-6-months-2027,2026-09-29,Amazon,Spain,Barcelona,big-tech,high,amazon,2026-09-29,2026-09-29,2026-09-29,false,false,6,,no,any,true
Amazon,Operations Human Resources Partner Intern (6 Months) - 2027,"Barcelona, Spain",https://www.amazon.jobs/en/jobs/10563993/operations-human-resources-partner-intern-6-months-2027,2026-09-29,Amazon,Spain,Barcelona,big-tech,high,amazon,2026-09-29,2026-09-29,2026-09-29,false,false,6,jan,no,any,true
Amazon,Operations Human Resources Partner Intern (6 Months) - 2027,"Zaragoza, Spain",https://www.amazon.jobs/en/jobs/10563923/operations-human-resources-partner-intern-6-months-2027,2026-09-29,Amazon,Spain,Zaragoza,big-tech,high,amazon,2026-09-29,2026-09-29,2026-09-29,false,false,6,jan,no,any,true
GSK,"Internship: Digital Solutions & Automation, IT, 2026","Parma, Italy",https://gsk.wd5.myworkdayjobs.com/en-US/GSKCareers/job/Italy---Parma/Internship--Digital-Solutions---Automation--IT--2026_447124,2026-09-29,Workday,Italy,Parma,pharma-biotech,normal,workday,2026-09-29,2026-09-29,2026-09-29,false,false,,,unknown,any,true
